port,protocol,service,version,os,open_ports,risk,category
23,tcp,telnet,Telnet,Windows Server 2022,18,High,Remote Access
443,tcp,https,nginx 1.24,Windows Server 2022,7,Low,Web
8080,tcp,http-proxy,Tomcat 10,Linux,2,Low,Web
443,tcp,https,nginx 1.24,Windows Server 2019,39,Low,Web
5432,tcp,postgresql,PostgreSQL 14,Windows Server 2022,42,High,Database
443,tcp,https,Apache SSL,Windows Server 2019,18,Low,Web
80,tcp,http,nginx 1.24,CentOS,22,Low,Web
80,tcp,http,Apache 2.4.49,Debian,7,Medium,Web
6379,tcp,redis,Redis 5,Debian,23,High,Database
22,tcp,ssh,OpenSSH 9.0,Windows Server 2019,8,Low,Remote Access
23,tcp,telnet,Telnet,Windows Server 2022,40,Critical,Remote Access
8080,tcp,http-proxy,Tomcat 9,Windows Server 2022,5,Low,Web
443,tcp,https,Apache SSL,Linux,15,Low,Web
6379,tcp,redis,Redis 7,CentOS,41,High,Database
80,tcp,http,Apache 2.4.54,Debian,14,Low,Web
23,tcp,telnet,Telnet,Windows Server 2019,47,Critical,Remote Access
80,tcp,http,Apache 2.4.54,CentOS,18,Low,Web
445,tcp,microsoft-ds,SMBv1,Ubuntu,3,High,File Sharing
6379,tcp,redis,Redis 7,Linux,14,Medium,Database
443,tcp,https,Apache SSL,CentOS,42,High,Web
80,tcp,http,Apache 2.4.54,Ubuntu,16,Low,Web
8080,tcp,http-proxy,Tomcat 10,Windows Server 2019,26,Medium,Web
443,tcp,https,nginx 1.24,Windows Server 2019,32,Low,Web
22,tcp,ssh,OpenSSH 5.3,Ubuntu,41,High,Remote Access
6379,tcp,redis,Redis 5,CentOS,25,High,Database
5432,tcp,postgresql,PostgreSQL 16,Windows Server 2019,1,Low,Database
5432,tcp,postgresql,PostgreSQL 16,Windows Server 2022,22,Low,Database
3306,tcp,mysql,MySQL 8.0,Ubuntu,30,Medium,Database
3306,tcp,mysql,MySQL 5.7,Windows Server 2019,7,Medium,Database
5432,tcp,postgresql,PostgreSQL 14,Ubuntu,24,Medium,Database
5432,tcp,postgresql,PostgreSQL 14,Windows Server 2019,21,Medium,Database
22,tcp,ssh,OpenSSH 5.3,Debian,20,Medium,Remote Access
22,tcp,ssh,OpenSSH 5.3,Windows Server 2019,6,Medium,Remote Access
3389,tcp,rdp,Windows RDP,Windows Server 2019,50,High,Remote Access
80,tcp,http,nginx 1.24,CentOS,36,Medium,Web
3306,tcp,mysql,MySQL 8.0,Ubuntu,35,Medium,Database
3306,tcp,mysql,MySQL 8.0,Windows Server 2022,42,High,Database
3389,tcp,rdp,Windows RDP,Linux,16,Medium,Remote Access
23,tcp,telnet,Telnet,Linux,38,Critical,Remote Access
8080,tcp,http-proxy,Tomcat 9,Linux,5,Low,Web
443,tcp,https,nginx 1.24,Linux,22,Low,Web
5432,tcp,postgresql,PostgreSQL 14,Debian,43,High,Database
443,tcp,https,nginx 1.24,Windows Server 2022,37,Medium,Web
443,tcp,https,Apache SSL,CentOS,13,Low,Web
23,tcp,telnet,Telnet,Debian,28,Critical,Remote Access
3389,tcp,rdp,Windows RDP,Windows Server 2022,42,High,Remote Access
22,tcp,ssh,OpenSSH 9.0,Windows Server 2022,22,Low,Remote Access
443,tcp,https,nginx 1.24,Ubuntu,35,Medium,Web
80,tcp,http,Apache 2.4.54,Ubuntu,18,Low,Web
443,tcp,https,nginx 1.24,CentOS,36,Low,Web
22,tcp,ssh,OpenSSH 5.3,Linux,49,High,Remote Access
80,tcp,http,Apache 2.4.54,CentOS,31,Low,Web
6379,tcp,redis,Redis 5,Ubuntu,25,Medium,Database
6379,tcp,redis,Redis 7,CentOS,19,High,Database
5432,tcp,postgresql,PostgreSQL 16,Ubuntu,13,Low,Database
443,tcp,https,nginx 1.24,Windows Server 2019,48,Low,Web
445,tcp,microsoft-ds,SMBv1,Linux,38,Critical,File Sharing
5432,tcp,postgresql,PostgreSQL 14,Linux,33,Low,Database
80,tcp,http,Apache 2.4.49,Windows Server 2019,5,Medium,Web
6379,tcp,redis,Redis 5,Windows Server 2019,16,Medium,Database
8080,tcp,http-proxy,Tomcat 9,CentOS,43,Medium,Web
3306,tcp,mysql,MySQL 5.7,Windows Server 2022,46,High,Database
443,tcp,https,Apache SSL,CentOS,9,Low,Web
3389,tcp,rdp,Windows RDP,Linux,1,Medium,Remote Access
8080,tcp,http-proxy,Tomcat 9,Linux,35,Medium,Web
5432,tcp,postgresql,PostgreSQL 16,Ubuntu,23,Low,Database
443,tcp,https,Apache SSL,Debian,11,Medium,Web
5432,tcp,postgresql,PostgreSQL 16,Windows Server 2019,42,Medium,Database
5432,tcp,postgresql,PostgreSQL 16,Windows Server 2022,7,Low,Database
3306,tcp,mysql,MySQL 5.7,Linux,48,High,Database
3306,tcp,mysql,MySQL 8.0,Windows Server 2019,14,Medium,Database
443,tcp,https,Apache SSL,Windows Server 2019,32,Medium,Web
22,tcp,ssh,OpenSSH 5.3,Windows Server 2022,28,High,Remote Access
22,tcp,ssh,OpenSSH 5.3,Debian,50,High,Remote Access
3306,tcp,mysql,MySQL 5.7,Windows Server 2022,29,High,Database
5432,tcp,postgresql,PostgreSQL 14,Linux,5,Low,Database
5432,tcp,postgresql,PostgreSQL 14,Debian,38,Medium,Database
6379,tcp,redis,Redis 5,Linux,20,Medium,Database
22,tcp,ssh,OpenSSH 9.0,Ubuntu,44,Medium,Remote Access
23,tcp,telnet,Telnet,Windows Server 2019,27,High,Remote Access
443,tcp,https,nginx 1.24,Ubuntu,27,Low,Web
80,tcp,http,nginx 1.24,Debian,27,Low,Web
3306,tcp,mysql,MySQL 5.7,Windows Server 2022,7,High,Database
22,tcp,ssh,OpenSSH 9.0,Ubuntu,13,Low,Remote Access
445,tcp,microsoft-ds,SMBv3,Ubuntu,15,Medium,File Sharing
443,tcp,https,Apache SSL,Debian,18,Low,Web
3306,tcp,mysql,MySQL 8.0,Windows Server 2022,33,High,Database
5432,tcp,postgresql,PostgreSQL 16,Linux,8,Low,Database
80,tcp,http,nginx 1.24,Debian,3,Low,Web
8080,tcp,http-proxy,Tomcat 10,Debian,47,Medium,Web
6379,tcp,redis,Redis 5,CentOS,37,High,Database
3306,tcp,mysql,MySQL 5.7,Windows Server 2022,28,Medium,Database
5432,tcp,postgresql,PostgreSQL 14,Debian,28,Low,Database
445,tcp,microsoft-ds,SMBv3,Windows Server 2022,8,High,File Sharing
5432,tcp,postgresql,PostgreSQL 16,Windows Server 2022,27,Medium,Database
6379,tcp,redis,Redis 7,Windows Server 2019,9,Medium,Database
6379,tcp,redis,Redis 7,Windows Server 2022,48,High,Database
8080,tcp,http-proxy,Tomcat 10,CentOS,36,Medium,Web
3306,tcp,mysql,MySQL 8.0,Ubuntu,28,Medium,Database
3389,tcp,rdp,Windows RDP,CentOS,44,High,Remote Access
5432,tcp,postgresql,PostgreSQL 16,Windows Server 2022,11,Low,Database
3306,tcp,mysql,MySQL 8.0,Linux,49,High,Database
3306,tcp,mysql,MySQL 5.7,Ubuntu,10,Medium,Database
22,tcp,ssh,OpenSSH 5.3,CentOS,40,High,Remote Access
3389,tcp,rdp,Windows RDP,Windows Server 2022,37,High,Remote Access
6379,tcp,redis,Redis 7,CentOS,16,Medium,Database
22,tcp,ssh,OpenSSH 5.3,CentOS,15,Medium,Remote Access
5432,tcp,postgresql,PostgreSQL 16,Linux,36,Medium,Database
23,tcp,telnet,Telnet,Ubuntu,30,High,Remote Access
3389,tcp,rdp,Windows RDP,Windows Server 2019,29,High,Remote Access
3389,tcp,rdp,Windows RDP,Debian,49,High,Remote Access
3306,tcp,mysql,MySQL 8.0,Windows Server 2022,16,Medium,Database
3389,tcp,rdp,Windows RDP,Windows Server 2022,19,Medium,Remote Access
3306,tcp,mysql,MySQL 8.0,Debian,35,Medium,Database
80,tcp,http,Apache 2.4.49,Ubuntu,25,High,Web
443,tcp,https,nginx 1.24,CentOS,27,Low,Web
5432,tcp,postgresql,PostgreSQL 16,CentOS,4,Low,Database
6379,tcp,redis,Redis 7,Windows Server 2019,45,High,Database
8080,tcp,http-proxy,Tomcat 10,CentOS,1,Low,Web
3306,tcp,mysql,MySQL 8.0,CentOS,35,Medium,Database
3389,tcp,rdp,Windows RDP,Debian,28,High,Remote Access
22,tcp,ssh,OpenSSH 9.0,Debian,43,Medium,Remote Access
80,tcp,http,Apache 2.4.54,Ubuntu,40,Low,Web
6379,tcp,redis,Redis 5,Linux,42,Critical,Database
80,tcp,http,Apache 2.4.54,Ubuntu,4,Low,Web
6379,tcp,redis,Redis 7,Ubuntu,30,High,Database
445,tcp,microsoft-ds,SMBv3,Debian,49,Critical,File Sharing
3306,tcp,mysql,MySQL 5.7,CentOS,2,Low,Database
445,tcp,microsoft-ds,SMBv1,Windows Server 2022,5,High,File Sharing
22,tcp,ssh,OpenSSH 5.3,Ubuntu,2,Medium,Remote Access
443,tcp,https,nginx 1.24,CentOS,43,Low,Web
8080,tcp,http-proxy,Tomcat 9,CentOS,45,Medium,Web
445,tcp,microsoft-ds,SMBv1,Windows Server 2019,39,Critical,File Sharing
80,tcp,http,Apache 2.4.54,Linux,38,Low,Web
3306,tcp,mysql,MySQL 8.0,CentOS,46,High,Database
23,tcp,telnet,Telnet,Linux,45,Critical,Remote Access
8080,tcp,http-proxy,Tomcat 9,Windows Server 2019,3,Low,Web
5432,tcp,postgresql,PostgreSQL 16,Windows Server 2022,24,Low,Database
5432,tcp,postgresql,PostgreSQL 16,Linux,27,Medium,Database
23,tcp,telnet,Telnet,Debian,41,Critical,Remote Access
80,tcp,http,Apache 2.4.54,Ubuntu,47,Medium,Web
8080,tcp,http-proxy,Tomcat 10,CentOS,28,Medium,Web
445,tcp,microsoft-ds,SMBv1,Linux,18,Critical,File Sharing
443,tcp,https,Apache SSL,Windows Server 2019,40,High,Web
445,tcp,microsoft-ds,SMBv1,CentOS,21,Critical,File Sharing
3389,tcp,rdp,Windows RDP,Debian,17,Medium,Remote Access
3306,tcp,mysql,MySQL 8.0,Windows Server 2019,1,Low,Database
23,tcp,telnet,Telnet,Windows Server 2022,27,Critical,Remote Access
5432,tcp,postgresql,PostgreSQL 14,Windows Server 2022,31,Medium,Database
3389,tcp,rdp,Windows RDP,Linux,19,Medium,Remote Access
6379,tcp,redis,Redis 5,Debian,43,High,Database
3389,tcp,rdp,Windows RDP,CentOS,48,High,Remote Access
445,tcp,microsoft-ds,SMBv3,Debian,20,High,File Sharing
443,tcp,https,nginx 1.24,Windows Server 2022,13,Low,Web
23,tcp,telnet,Telnet,Ubuntu,14,High,Remote Access
3306,tcp,mysql,MySQL 8.0,Linux,13,Medium,Database
443,tcp,https,Apache SSL,Ubuntu,20,Low,Web
5432,tcp,postgresql,PostgreSQL 14,Debian,3,Low,Database
5432,tcp,postgresql,PostgreSQL 16,Windows Server 2022,9,Medium,Database
23,tcp,telnet,Telnet,Windows Server 2019,19,High,Remote Access
3389,tcp,rdp,Windows RDP,Debian,12,Medium,Remote Access
3306,tcp,mysql,MySQL 8.0,Linux,5,Medium,Database
3389,tcp,rdp,Windows RDP,Windows Server 2019,41,High,Remote Access
80,tcp,http,Apache 2.4.49,Windows Server 2019,20,Medium,Web
443,tcp,https,nginx 1.24,Windows Server 2019,49,Medium,Web
8080,tcp,http-proxy,Tomcat 9,Windows Server 2019,25,Medium,Web
3389,tcp,rdp,Windows RDP,Windows Server 2019,28,High,Remote Access
8080,tcp,http-proxy,Tomcat 9,Windows Server 2019,48,Medium,Web
443,tcp,https,nginx 1.24,Debian,43,Low,Web
80,tcp,http,Apache 2.4.49,Ubuntu,36,High,Web
80,tcp,http,Apache 2.4.49,CentOS,29,High,Web
3306,tcp,mysql,MySQL 5.7,Ubuntu,19,Medium,Database
3389,tcp,rdp,Windows RDP,Windows Server 2022,15,Medium,Remote Access
8080,tcp,http-proxy,Tomcat 9,CentOS,8,Low,Web
80,tcp,http,Apache 2.4.54,Ubuntu,5,Low,Web
80,tcp,http,Apache 2.4.54,Windows Server 2019,48,Medium,Web
3389,tcp,rdp,Windows RDP,CentOS,45,High,Remote Access
6379,tcp,redis,Redis 7,Windows Server 2019,35,High,Database
3389,tcp,rdp,Windows RDP,Windows Server 2019,3,Medium,Remote Access
445,tcp,microsoft-ds,SMBv3,Linux,6,High,File Sharing
8080,tcp,http-proxy,Tomcat 9,Windows Server 2022,18,Low,Web
80,tcp,http,Apache 2.4.54,Windows Server 2019,42,Medium,Web
3306,tcp,mysql,MySQL 5.7,Windows Server 2019,28,High,Database
23,tcp,telnet,Telnet,Debian,27,High,Remote Access
445,tcp,microsoft-ds,SMBv1,Ubuntu,22,Critical,File Sharing
3389,tcp,rdp,Windows RDP,Windows Server 2022,26,Medium,Remote Access
3389,tcp,rdp,Windows RDP,Debian,17,Medium,Remote Access
23,tcp,telnet,Telnet,Windows Server 2019,1,High,Remote Access
6379,tcp,redis,Redis 5,Ubuntu,34,High,Database
8080,tcp,http-proxy,Tomcat 10,Windows Server 2022,29,Low,Web
443,tcp,https,Apache SSL,Windows Server 2019,9,Low,Web
3389,tcp,rdp,Windows RDP,Linux,2,Medium,Remote Access
80,tcp,http,Apache 2.4.54,Windows Server 2019,1,Low,Web
23,tcp,telnet,Telnet,Linux,30,High,Remote Access
80,tcp,http,Apache 2.4.54,Windows Server 2022,19,Low,Web
6379,tcp,redis,Redis 7,CentOS,16,High,Database
5432,tcp,postgresql,PostgreSQL 14,CentOS,13,Low,Database
23,tcp,telnet,Telnet,CentOS,22,High,Remote Access
22,tcp,ssh,OpenSSH 9.0,Windows Server 2022,20,Low,Remote Access
80,tcp,http,Apache 2.4.54,Windows Server 2019,31,Low,Web
445,tcp,microsoft-ds,SMBv3,CentOS,21,High,File Sharing
443,tcp,https,Apache SSL,Ubuntu,50,High,Web
22,tcp,ssh,OpenSSH 9.0,Windows Server 2022,31,Medium,Remote Access
6379,tcp,redis,Redis 5,CentOS,3,Medium,Database
5432,tcp,postgresql,PostgreSQL 16,Linux,29,Low,Database
5432,tcp,postgresql,PostgreSQL 16,Linux,47,Medium,Database
6379,tcp,redis,Redis 5,Linux,31,High,Database
445,tcp,microsoft-ds,SMBv3,Windows Server 2022,6,High,File Sharing
5432,tcp,postgresql,PostgreSQL 16,Debian,41,High,Database
5432,tcp,postgresql,PostgreSQL 14,Windows Server 2019,5,Low,Database
3306,tcp,mysql,MySQL 5.7,Windows Server 2022,6,High,Database
23,tcp,telnet,Telnet,CentOS,11,High,Remote Access
22,tcp,ssh,OpenSSH 5.3,Debian,4,Medium,Remote Access
445,tcp,microsoft-ds,SMBv3,CentOS,10,High,File Sharing
5432,tcp,postgresql,PostgreSQL 16,Windows Server 2019,44,Medium,Database
80,tcp,http,Apache 2.4.49,Linux,40,Critical,Web
8080,tcp,http-proxy,Tomcat 9,CentOS,38,Medium,Web
443,tcp,https,Apache SSL,Windows Server 2022,17,Medium,Web
3306,tcp,mysql,MySQL 5.7,CentOS,19,Medium,Database
23,tcp,telnet,Telnet,Debian,38,Critical,Remote Access
6379,tcp,redis,Redis 7,CentOS,20,Medium,Database
6379,tcp,redis,Redis 7,Linux,16,High,Database
8080,tcp,http-proxy,Tomcat 10,Windows Server 2019,19,Low,Web
22,tcp,ssh,OpenSSH 9.0,Debian,1,Low,Remote Access
8080,tcp,http-proxy,Tomcat 10,Debian,50,Medium,Web
8080,tcp,http-proxy,Tomcat 10,Ubuntu,41,Medium,Web
8080,tcp,http-proxy,Tomcat 10,Windows Server 2022,49,Medium,Web
23,tcp,telnet,Telnet,Debian,29,High,Remote Access
8080,tcp,http-proxy,Tomcat 10,Windows Server 2022,9,Low,Web
3306,tcp,mysql,MySQL 8.0,Windows Server 2022,27,Medium,Database
443,tcp,https,nginx 1.24,Windows Server 2019,24,Low,Web
80,tcp,http,Apache 2.4.54,CentOS,19,Low,Web
23,tcp,telnet,Telnet,Linux,10,High,Remote Access
6379,tcp,redis,Redis 7,Linux,26,Medium,Database
3306,tcp,mysql,MySQL 5.7,CentOS,24,High,Database
8080,tcp,http-proxy,Tomcat 10,Windows Server 2022,24,Low,Web
443,tcp,https,Apache SSL,Linux,40,Medium,Web
8080,tcp,http-proxy,Tomcat 9,Windows Server 2022,5,Medium,Web
3306,tcp,mysql,MySQL 8.0,Linux,9,Low,Database
22,tcp,ssh,OpenSSH 9.0,CentOS,8,Low,Remote Access
443,tcp,https,nginx 1.24,CentOS,30,Low,Web
5432,tcp,postgresql,PostgreSQL 16,Windows Server 2019,48,Medium,Database
6379,tcp,redis,Redis 5,CentOS,40,Critical,Database
3306,tcp,mysql,MySQL 5.7,Windows Server 2022,24,High,Database
3389,tcp,rdp,Windows RDP,Ubuntu,24,Medium,Remote Access
445,tcp,microsoft-ds,SMBv3,Linux,26,High,File Sharing
443,tcp,https,nginx 1.24,CentOS,6,Low,Web
8080,tcp,http-proxy,Tomcat 9,Linux,22,Medium,Web
80,tcp,http,nginx 1.24,Ubuntu,5,Low,Web
8080,tcp,http-proxy,Tomcat 9,Ubuntu,22,Medium,Web
8080,tcp,http-proxy,Tomcat 9,Debian,10,Low,Web
5432,tcp,postgresql,PostgreSQL 16,Ubuntu,8,Low,Database
80,tcp,http,Apache 2.4.49,Debian,16,Medium,Web
22,tcp,ssh,OpenSSH 5.3,Debian,4,Medium,Remote Access
6379,tcp,redis,Redis 5,Windows Server 2022,5,High,Database
3389,tcp,rdp,Windows RDP,Windows Server 2019,38,High,Remote Access
3389,tcp,rdp,Windows RDP,Windows Server 2019,3,Medium,Remote Access
3389,tcp,rdp,Windows RDP,Linux,31,High,Remote Access
6379,tcp,redis,Redis 5,CentOS,46,Critical,Database
23,tcp,telnet,Telnet,Debian,39,Critical,Remote Access
23,tcp,telnet,Telnet,Debian,40,Critical,Remote Access
6379,tcp,redis,Redis 7,CentOS,33,High,Database
23,tcp,telnet,Telnet,Windows Server 2022,42,Critical,Remote Access
6379,tcp,redis,Redis 7,Ubuntu,27,High,Database
3389,tcp,rdp,Windows RDP,CentOS,47,High,Remote Access
445,tcp,microsoft-ds,SMBv3,Debian,43,Critical,File Sharing
445,tcp,microsoft-ds,SMBv1,Windows Server 2022,31,Critical,File Sharing
23,tcp,telnet,Telnet,Linux,28,High,Remote Access
445,tcp,microsoft-ds,SMBv1,Windows Server 2019,4,High,File Sharing
23,tcp,telnet,Telnet,Debian,43,Critical,Remote Access
22,tcp,ssh,OpenSSH 9.0,Windows Server 2019,20,Low,Remote Access
23,tcp,telnet,Telnet,Ubuntu,43,Critical,Remote Access
443,tcp,https,nginx 1.24,Debian,36,Medium,Web
23,tcp,telnet,Telnet,Windows Server 2019,15,High,Remote Access
5432,tcp,postgresql,PostgreSQL 14,Windows Server 2019,43,Medium,Database
22,tcp,ssh,OpenSSH 5.3,Debian,45,High,Remote Access
445,tcp,microsoft-ds,SMBv3,Linux,12,High,File Sharing
8080,tcp,http-proxy,Tomcat 10,Linux,10,Low,Web
23,tcp,telnet,Telnet,CentOS,27,Critical,Remote Access
445,tcp,microsoft-ds,SMBv1,Debian,20,Critical,File Sharing
8080,tcp,http-proxy,Tomcat 9,Linux,10,Low,Web
8080,tcp,http-proxy,Tomcat 9,Windows Server 2022,6,Low,Web
3389,tcp,rdp,Windows RDP,CentOS,39,Critical,Remote Access
6379,tcp,redis,Redis 7,Ubuntu,49,High,Database
445,tcp,microsoft-ds,SMBv3,Linux,19,High,File Sharing
5432,tcp,postgresql,PostgreSQL 16,Linux,15,Medium,Database
8080,tcp,http-proxy,Tomcat 9,Linux,14,Low,Web
443,tcp,https,nginx 1.24,Debian,19,Low,Web
23,tcp,telnet,Telnet,CentOS,48,Critical,Remote Access
80,tcp,http,Apache 2.4.49,CentOS,35,High,Web
5432,tcp,postgresql,PostgreSQL 16,Linux,26,Low,Database
6379,tcp,redis,Redis 5,CentOS,5,Medium,Database
8080,tcp,http-proxy,Tomcat 10,Windows Server 2019,26,Medium,Web
3306,tcp,mysql,MySQL 5.7,CentOS,2,Medium,Database
80,tcp,http,nginx 1.24,CentOS,45,Medium,Web
23,tcp,telnet,Telnet,Linux,16,High,Remote Access
8080,tcp,http-proxy,Tomcat 10,Windows Server 2019,6,Medium,Web
3306,tcp,mysql,MySQL 8.0,Ubuntu,22,Medium,Database
23,tcp,telnet,Telnet,Windows Server 2019,33,High,Remote Access
445,tcp,microsoft-ds,SMBv3,Windows Server 2022,42,Critical,File Sharing
443,tcp,https,nginx 1.24,Ubuntu,17,Low,Web
80,tcp,http,nginx 1.24,Ubuntu,49,Low,Web
80,tcp,http,nginx 1.24,CentOS,30,Medium,Web
8080,tcp,http-proxy,Tomcat 10,Windows Server 2022,21,Medium,Web
3389,tcp,rdp,Windows RDP,CentOS,29,High,Remote Access
3306,tcp,mysql,MySQL 5.7,Debian,33,Medium,Database
3306,tcp,mysql,MySQL 8.0,CentOS,3,Low,Database
445,tcp,microsoft-ds,SMBv3,Linux,42,High,File Sharing
8080,tcp,http-proxy,Tomcat 10,CentOS,38,Medium,Web
3389,tcp,rdp,Windows RDP,Debian,39,Critical,Remote Access
5432,tcp,postgresql,PostgreSQL 14,Linux,29,Low,Database
445,tcp,microsoft-ds,SMBv1,Windows Server 2019,42,Critical,File Sharing
22,tcp,ssh,OpenSSH 5.3,Windows Server 2022,29,High,Remote Access
5432,tcp,postgresql,PostgreSQL 14,Debian,24,Medium,Database
6379,tcp,redis,Redis 7,Debian,44,High,Database
445,tcp,microsoft-ds,SMBv1,Debian,7,Critical,File Sharing
3306,tcp,mysql,MySQL 8.0,Windows Server 2022,43,High,Database
445,tcp,microsoft-ds,SMBv1,Windows Server 2019,43,Critical,File Sharing
445,tcp,microsoft-ds,SMBv3,Windows Server 2022,45,Critical,File Sharing
80,tcp,http,nginx 1.24,Windows Server 2022,6,Low,Web
5432,tcp,postgresql,PostgreSQL 16,Windows Server 2022,22,Medium,Database
5432,tcp,postgresql,PostgreSQL 14,Windows Server 2022,43,High,Database
5432,tcp,postgresql,PostgreSQL 16,Linux,24,Medium,Database
80,tcp,http,Apache 2.4.49,Debian,50,Critical,Web
443,tcp,https,nginx 1.24,Ubuntu,10,Low,Web
3306,tcp,mysql,MySQL 5.7,Windows Server 2019,50,High,Database
445,tcp,microsoft-ds,SMBv1,Windows Server 2019,25,Critical,File Sharing
80,tcp,http,Apache 2.4.49,Windows Server 2022,50,High,Web
3389,tcp,rdp,Windows RDP,CentOS,24,High,Remote Access
3389,tcp,rdp,Windows RDP,Windows Server 2022,29,High,Remote Access
5432,tcp,postgresql,PostgreSQL 14,Debian,31,Medium,Database
445,tcp,microsoft-ds,SMBv3,CentOS,50,Critical,File Sharing
6379,tcp,redis,Redis 7,Ubuntu,13,Medium,Database
3306,tcp,mysql,MySQL 5.7,Windows Server 2022,31,High,Database
5432,tcp,postgresql,PostgreSQL 14,Windows Server 2022,34,Low,Database
3306,tcp,mysql,MySQL 5.7,Ubuntu,18,High,Database
5432,tcp,postgresql,PostgreSQL 14,CentOS,6,Low,Database
3389,tcp,rdp,Windows RDP,Linux,27,Medium,Remote Access
6379,tcp,redis,Redis 7,Ubuntu,25,Medium,Database
445,tcp,microsoft-ds,SMBv1,Linux,21,Critical,File Sharing
445,tcp,microsoft-ds,SMBv1,Ubuntu,3,High,File Sharing
3389,tcp,rdp,Windows RDP,Windows Server 2022,31,High,Remote Access
8080,tcp,http-proxy,Tomcat 9,Linux,2,Low,Web
443,tcp,https,nginx 1.24,Windows Server 2019,47,Medium,Web
23,tcp,telnet,Telnet,Ubuntu,20,Medium,Remote Access
22,tcp,ssh,OpenSSH 5.3,CentOS,41,Critical,Remote Access
23,tcp,telnet,Telnet,CentOS,39,High,Remote Access
5432,tcp,postgresql,PostgreSQL 14,Windows Server 2022,10,Low,Database
6379,tcp,redis,Redis 5,Windows Server 2019,23,High,Database
8080,tcp,http-proxy,Tomcat 10,Ubuntu,43,Medium,Web
5432,tcp,postgresql,PostgreSQL 16,Linux,34,Low,Database
6379,tcp,redis,Redis 7,Linux,41,Critical,Database
445,tcp,microsoft-ds,SMBv3,Windows Server 2022,2,Medium,File Sharing
23,tcp,telnet,Telnet,Ubuntu,47,High,Remote Access
8080,tcp,http-proxy,Tomcat 10,Ubuntu,3,Low,Web
5432,tcp,postgresql,PostgreSQL 16,Windows Server 2022,12,Medium,Database
3389,tcp,rdp,Windows RDP,Ubuntu,5,High,Remote Access
22,tcp,ssh,OpenSSH 9.0,Ubuntu,3,Low,Remote Access
22,tcp,ssh,OpenSSH 9.0,Debian,33,Medium,Remote Access
5432,tcp,postgresql,PostgreSQL 16,Debian,3,Low,Database
3306,tcp,mysql,MySQL 8.0,Linux,42,High,Database
3306,tcp,mysql,MySQL 5.7,Debian,28,High,Database
3389,tcp,rdp,Windows RDP,Debian,12,High,Remote Access
3389,tcp,rdp,Windows RDP,Windows Server 2019,18,Medium,Remote Access
6379,tcp,redis,Redis 5,CentOS,39,High,Database
5432,tcp,postgresql,PostgreSQL 16,Debian,7,Low,Database
445,tcp,microsoft-ds,SMBv3,Debian,29,Critical,File Sharing
80,tcp,http,nginx 1.24,CentOS,23,Medium,Web
22,tcp,ssh,OpenSSH 9.0,Windows Server 2019,28,Low,Remote Access
22,tcp,ssh,OpenSSH 5.3,Windows Server 2022,41,Critical,Remote Access
445,tcp,microsoft-ds,SMBv1,Linux,10,Critical,File Sharing
22,tcp,ssh,OpenSSH 5.3,Linux,16,Medium,Remote Access
445,tcp,microsoft-ds,SMBv3,Windows Server 2019,3,Medium,File Sharing
3389,tcp,rdp,Windows RDP,Debian,29,Medium,Remote Access
8080,tcp,http-proxy,Tomcat 9,Windows Server 2019,24,Medium,Web
445,tcp,microsoft-ds,SMBv3,Ubuntu,8,Medium,File Sharing
80,tcp,http,Apache 2.4.54,Windows Server 2019,25,Low,Web
3306,tcp,mysql,MySQL 8.0,Windows Server 2022,29,Medium,Database
8080,tcp,http-proxy,Tomcat 10,Windows Server 2022,32,Medium,Web
23,tcp,telnet,Telnet,Linux,29,High,Remote Access
3389,tcp,rdp,Windows RDP,Windows Server 2022,21,High,Remote Access
23,tcp,telnet,Telnet,Debian,11,High,Remote Access
445,tcp,microsoft-ds,SMBv1,Linux,13,Critical,File Sharing
443,tcp,https,Apache SSL,Linux,24,Medium,Web
3389,tcp,rdp,Windows RDP,Windows Server 2019,6,Medium,Remote Access
3306,tcp,mysql,MySQL 8.0,Windows Server 2022,47,High,Database
5432,tcp,postgresql,PostgreSQL 16,CentOS,37,Medium,Database
80,tcp,http,Apache 2.4.54,Windows Server 2022,5,Low,Web
3389,tcp,rdp,Windows RDP,Ubuntu,50,High,Remote Access
80,tcp,http,Apache 2.4.54,Windows Server 2019,4,Low,Web
5432,tcp,postgresql,PostgreSQL 14,Debian,11,Low,Database
445,tcp,microsoft-ds,SMBv1,Debian,34,Critical,File Sharing
23,tcp,telnet,Telnet,Ubuntu,41,Critical,Remote Access
80,tcp,http,nginx 1.24,Debian,40,Low,Web
5432,tcp,postgresql,PostgreSQL 14,Windows Server 2019,38,Medium,Database
80,tcp,http,nginx 1.24,Windows Server 2019,47,Medium,Web
8080,tcp,http-proxy,Tomcat 9,Linux,6,Low,Web
8080,tcp,http-proxy,Tomcat 10,Windows Server 2022,14,Medium,Web
8080,tcp,http-proxy,Tomcat 9,CentOS,41,Medium,Web
3306,tcp,mysql,MySQL 8.0,Ubuntu,44,High,Database
3306,tcp,mysql,MySQL 8.0,Linux,45,Medium,Database
80,tcp,http,Apache 2.4.54,CentOS,31,Medium,Web
443,tcp,https,Apache SSL,Windows Server 2019,10,Low,Web
445,tcp,microsoft-ds,SMBv3,CentOS,9,High,File Sharing
5432,tcp,postgresql,PostgreSQL 14,Debian,16,Medium,Database
23,tcp,telnet,Telnet,CentOS,16,High,Remote Access
23,tcp,telnet,Telnet,Debian,25,Critical,Remote Access
443,tcp,https,nginx 1.24,Debian,37,Medium,Web
443,tcp,https,nginx 1.24,CentOS,33,Medium,Web
3389,tcp,rdp,Windows RDP,CentOS,2,Low,Remote Access
6379,tcp,redis,Redis 7,Ubuntu,14,Medium,Database
22,tcp,ssh,OpenSSH 5.3,Debian,32,High,Remote Access
3306,tcp,mysql,MySQL 5.7,Linux,28,High,Database
3306,tcp,mysql,MySQL 8.0,CentOS,24,Medium,Database
6379,tcp,redis,Redis 5,Windows Server 2019,36,High,Database
445,tcp,microsoft-ds,SMBv3,Linux,25,Critical,File Sharing
5432,tcp,postgresql,PostgreSQL 16,Windows Server 2019,44,Medium,Database
80,tcp,http,Apache 2.4.49,CentOS,24,High,Web
5432,tcp,postgresql,PostgreSQL 16,Ubuntu,13,Medium,Database
5432,tcp,postgresql,PostgreSQL 14,Linux,3,Low,Database
445,tcp,microsoft-ds,SMBv3,Windows Server 2019,30,High,File Sharing
8080,tcp,http-proxy,Tomcat 9,Debian,40,Medium,Web
80,tcp,http,Apache 2.4.54,Windows Server 2019,48,Medium,Web
8080,tcp,http-proxy,Tomcat 10,Windows Server 2019,33,Medium,Web
8080,tcp,http-proxy,Tomcat 10,CentOS,2,Low,Web
445,tcp,microsoft-ds,SMBv1,CentOS,38,Critical,File Sharing
22,tcp,ssh,OpenSSH 9.0,Debian,42,Medium,Remote Access
22,tcp,ssh,OpenSSH 9.0,Ubuntu,34,Medium,Remote Access
80,tcp,http,nginx 1.24,Ubuntu,3,Low,Web
443,tcp,https,nginx 1.24,CentOS,21,Medium,Web
80,tcp,http,Apache 2.4.54,Windows Server 2022,14,Low,Web
5432,tcp,postgresql,PostgreSQL 16,Windows Server 2022,47,Medium,Database
80,tcp,http,nginx 1.24,Ubuntu,36,Medium,Web
3389,tcp,rdp,Windows RDP,Debian,12,High,Remote Access
5432,tcp,postgresql,PostgreSQL 16,Windows Server 2019,23,Medium,Database
8080,tcp,http-proxy,Tomcat 10,Ubuntu,16,Low,Web
5432,tcp,postgresql,PostgreSQL 16,Ubuntu,20,Low,Database
443,tcp,https,Apache SSL,Debian,31,Medium,Web
5432,tcp,postgresql,PostgreSQL 16,Debian,8,Medium,Database
6379,tcp,redis,Redis 7,Ubuntu,19,Medium,Database
3306,tcp,mysql,MySQL 5.7,Debian,29,High,Database
3389,tcp,rdp,Windows RDP,Ubuntu,35,High,Remote Access
5432,tcp,postgresql,PostgreSQL 16,Ubuntu,7,Low,Database
443,tcp,https,nginx 1.24,Windows Server 2022,34,Low,Web
443,tcp,https,nginx 1.24,Linux,27,Low,Web
3389,tcp,rdp,Windows RDP,Windows Server 2022,50,High,Remote Access
22,tcp,ssh,OpenSSH 5.3,CentOS,42,Critical,Remote Access
3389,tcp,rdp,Windows RDP,Debian,21,High,Remote Access
22,tcp,ssh,OpenSSH 5.3,Windows Server 2022,37,High,Remote Access
5432,tcp,postgresql,PostgreSQL 14,Ubuntu,27,Medium,Database
22,tcp,ssh,OpenSSH 9.0,CentOS,12,Low,Remote Access
22,tcp,ssh,OpenSSH 5.3,Debian,37,High,Remote Access
445,tcp,microsoft-ds,SMBv3,CentOS,42,Critical,File Sharing
80,tcp,http,nginx 1.24,CentOS,18,Low,Web
23,tcp,telnet,Telnet,Ubuntu,47,Critical,Remote Access
3306,tcp,mysql,MySQL 5.7,Linux,48,High,Database
3306,tcp,mysql,MySQL 5.7,Ubuntu,40,Critical,Database
6379,tcp,redis,Redis 7,Linux,26,Medium,Database
80,tcp,http,Apache 2.4.49,CentOS,21,High,Web
22,tcp,ssh,OpenSSH 9.0,CentOS,16,Low,Remote Access
3306,tcp,mysql,MySQL 8.0,Debian,38,Medium,Database
3306,tcp,mysql,MySQL 8.0,Windows Server 2022,16,Low,Database
23,tcp,telnet,Telnet,Debian,11,High,Remote Access
5432,tcp,postgresql,PostgreSQL 16,Windows Server 2022,8,Low,Database
445,tcp,microsoft-ds,SMBv1,Ubuntu,9,Critical,File Sharing
80,tcp,http,Apache 2.4.54,Windows Server 2022,39,Medium,Web
6379,tcp,redis,Redis 7,Windows Server 2019,43,High,Database
443,tcp,https,nginx 1.24,Windows Server 2019,29,Low,Web
23,tcp,telnet,Telnet,Linux,36,Critical,Remote Access
8080,tcp,http-proxy,Tomcat 9,Ubuntu,21,Medium,Web
23,tcp,telnet,Telnet,Windows Server 2022,38,Critical,Remote Access
23,tcp,telnet,Telnet,Linux,30,High,Remote Access
5432,tcp,postgresql,PostgreSQL 16,CentOS,37,Medium,Database
5432,tcp,postgresql,PostgreSQL 16,Windows Server 2022,20,Low,Database
6379,tcp,redis,Redis 7,Linux,48,High,Database
8080,tcp,http-proxy,Tomcat 9,Linux,28,Medium,Web
23,tcp,telnet,Telnet,Linux,31,High,Remote Access
3306,tcp,mysql,MySQL 8.0,Ubuntu,50,High,Database
6379,tcp,redis,Redis 7,CentOS,29,High,Database
6379,tcp,redis,Redis 5,Windows Server 2022,43,High,Database
445,tcp,microsoft-ds,SMBv1,Ubuntu,35,Critical,File Sharing
5432,tcp,postgresql,PostgreSQL 14,Windows Server 2022,15,Low,Database
22,tcp,ssh,OpenSSH 9.0,CentOS,44,Medium,Remote Access
5432,tcp,postgresql,PostgreSQL 16,Ubuntu,16,Medium,Database
445,tcp,microsoft-ds,SMBv1,Debian,13,High,File Sharing
22,tcp,ssh,OpenSSH 9.0,Windows Server 2019,50,Low,Remote Access
443,tcp,https,nginx 1.24,Linux,7,Low,Web
3389,tcp,rdp,Windows RDP,Ubuntu,48,High,Remote Access
6379,tcp,redis,Redis 7,Ubuntu,35,High,Database
22,tcp,ssh,OpenSSH 5.3,Windows Server 2019,19,Medium,Remote Access
8080,tcp,http-proxy,Tomcat 10,Windows Server 2019,39,Medium,Web
443,tcp,https,Apache SSL,Ubuntu,43,Medium,Web
6379,tcp,redis,Redis 7,Debian,4,Medium,Database
6379,tcp,redis,Redis 7,Linux,23,High,Database
5432,tcp,postgresql,PostgreSQL 16,Windows Server 2022,27,Medium,Database
80,tcp,http,Apache 2.4.54,CentOS,12,Low,Web
443,tcp,https,nginx 1.24,Debian,46,Medium,Web
3389,tcp,rdp,Windows RDP,Windows Server 2019,27,High,Remote Access
5432,tcp,postgresql,PostgreSQL 14,CentOS,16,Low,Database
443,tcp,https,Apache SSL,Windows Server 2022,6,Medium,Web
445,tcp,microsoft-ds,SMBv1,Windows Server 2019,47,Critical,File Sharing
22,tcp,ssh,OpenSSH 9.0,CentOS,44,Low,Remote Access
23,tcp,telnet,Telnet,Windows Server 2019,47,Critical,Remote Access
3389,tcp,rdp,Windows RDP,Debian,20,Medium,Remote Access
443,tcp,https,nginx 1.24,Windows Server 2022,8,Low,Web
443,tcp,https,nginx 1.24,CentOS,16,Low,Web
3306,tcp,mysql,MySQL 8.0,CentOS,35,Medium,Database
3306,tcp,mysql,MySQL 8.0,Debian,33,High,Database
3389,tcp,rdp,Windows RDP,Windows Server 2022,31,High,Remote Access
443,tcp,https,Apache SSL,Debian,27,Low,Web
8080,tcp,http-proxy,Tomcat 9,Windows Server 2022,10,Low,Web
3306,tcp,mysql,MySQL 8.0,Debian,10,Medium,Database
445,tcp,microsoft-ds,SMBv1,CentOS,37,Critical,File Sharing
3389,tcp,rdp,Windows RDP,Debian,49,Critical,Remote Access
3389,tcp,rdp,Windows RDP,Ubuntu,47,High,Remote Access
80,tcp,http,Apache 2.4.49,Windows Server 2022,35,High,Web
80,tcp,http,nginx 1.24,Windows Server 2022,4,Low,Web
23,tcp,telnet,Telnet,Linux,27,High,Remote Access
443,tcp,https,nginx 1.24,Windows Server 2022,10,Low,Web
443,tcp,https,Apache SSL,Debian,4,Low,Web
3389,tcp,rdp,Windows RDP,Linux,35,High,Remote Access
22,tcp,ssh,OpenSSH 5.3,Windows Server 2019,47,High,Remote Access
5432,tcp,postgresql,PostgreSQL 16,Linux,33,Medium,Database
80,tcp,http,Apache 2.4.49,Linux,34,High,Web
443,tcp,https,nginx 1.24,Windows Server 2019,34,Low,Web
445,tcp,microsoft-ds,SMBv3,CentOS,6,High,File Sharing
6379,tcp,redis,Redis 7,Windows Server 2019,16,Medium,Database
3306,tcp,mysql,MySQL 5.7,Windows Server 2022,42,High,Database
23,tcp,telnet,Telnet,CentOS,25,Critical,Remote Access
22,tcp,ssh,OpenSSH 5.3,Windows Server 2022,11,Medium,Remote Access
3389,tcp,rdp,Windows RDP,Windows Server 2022,22,Medium,Remote Access
5432,tcp,postgresql,PostgreSQL 14,Ubuntu,14,Medium,Database
3306,tcp,mysql,MySQL 5.7,Linux,44,High,Database
5432,tcp,postgresql,PostgreSQL 14,Ubuntu,21,Low,Database
443,tcp,https,nginx 1.24,Windows Server 2022,26,Low,Web
3306,tcp,mysql,MySQL 5.7,Windows Server 2019,16,High,Database
5432,tcp,postgresql,PostgreSQL 16,CentOS,49,Medium,Database
23,tcp,telnet,Telnet,Linux,7,High,Remote Access
443,tcp,https,nginx 1.24,Debian,39,Medium,Web
445,tcp,microsoft-ds,SMBv1,Windows Server 2022,18,Critical,File Sharing
3389,tcp,rdp,Windows RDP,Debian,36,Critical,Remote Access
6379,tcp,redis,Redis 5,Windows Server 2022,38,Critical,Database
23,tcp,telnet,Telnet,Ubuntu,46,High,Remote Access
23,tcp,telnet,Telnet,Ubuntu,25,High,Remote Access
6379,tcp,redis,Redis 7,Debian,7,Medium,Database
22,tcp,ssh,OpenSSH 9.0,CentOS,24,Low,Remote Access
23,tcp,telnet,Telnet,Linux,12,High,Remote Access
3389,tcp,rdp,Windows RDP,Linux,2,Low,Remote Access
445,tcp,microsoft-ds,SMBv1,Windows Server 2019,39,Critical,File Sharing
6379,tcp,redis,Redis 5,Debian,27,High,Database
23,tcp,telnet,Telnet,Windows Server 2019,34,High,Remote Access
6379,tcp,redis,Redis 5,Ubuntu,18,Medium,Database
3306,tcp,mysql,MySQL 8.0,Ubuntu,5,Medium,Database
6379,tcp,redis,Redis 7,CentOS,20,High,Database
23,tcp,telnet,Telnet,Debian,16,High,Remote Access
8080,tcp,http-proxy,Tomcat 9,CentOS,7,Low,Web
3306,tcp,mysql,MySQL 5.7,CentOS,22,High,Database
445,tcp,microsoft-ds,SMBv3,Debian,28,High,File Sharing
3306,tcp,mysql,MySQL 8.0,Windows Server 2019,45,High,Database
3389,tcp,rdp,Windows RDP,Ubuntu,26,High,Remote Access
3306,tcp,mysql,MySQL 8.0,Windows Server 2019,16,Medium,Database
6379,tcp,redis,Redis 7,CentOS,24,Medium,Database
8080,tcp,http-proxy,Tomcat 9,Windows Server 2019,35,Medium,Web
5432,tcp,postgresql,PostgreSQL 14,Windows Server 2022,30,Medium,Database
3389,tcp,rdp,Windows RDP,Windows Server 2022,5,High,Remote Access
3389,tcp,rdp,Windows RDP,Windows Server 2022,20,Medium,Remote Access
3306,tcp,mysql,MySQL 5.7,Windows Server 2022,28,High,Database
23,tcp,telnet,Telnet,Windows Server 2019,31,Critical,Remote Access
5432,tcp,postgresql,PostgreSQL 16,Windows Server 2019,3,Low,Database
5432,tcp,postgresql,PostgreSQL 14,Linux,50,Medium,Database
445,tcp,microsoft-ds,SMBv1,Windows Server 2022,40,Critical,File Sharing
8080,tcp,http-proxy,Tomcat 10,Debian,28,Low,Web
22,tcp,ssh,OpenSSH 5.3,Debian,15,Medium,Remote Access
3389,tcp,rdp,Windows RDP,CentOS,30,High,Remote Access
445,tcp,microsoft-ds,SMBv1,CentOS,7,Critical,File Sharing
6379,tcp,redis,Redis 5,Linux,47,High,Database
445,tcp,microsoft-ds,SMBv3,Debian,30,High,File Sharing
5432,tcp,postgresql,PostgreSQL 16,Debian,31,Low,Database
3389,tcp,rdp,Windows RDP,Debian,5,Medium,Remote Access
22,tcp,ssh,OpenSSH 5.3,Linux,22,Medium,Remote Access
80,tcp,http,nginx 1.24,Ubuntu,34,Low,Web
5432,tcp,postgresql,PostgreSQL 14,Debian,36,High,Database
3389,tcp,rdp,Windows RDP,CentOS,41,High,Remote Access
80,tcp,http,nginx 1.24,Windows Server 2022,28,Medium,Web
22,tcp,ssh,OpenSSH 5.3,CentOS,38,Critical,Remote Access
6379,tcp,redis,Redis 5,Windows Server 2022,14,Medium,Database
3306,tcp,mysql,MySQL 5.7,Windows Server 2019,7,Medium,Database
445,tcp,microsoft-ds,SMBv3,Ubuntu,30,High,File Sharing
3306,tcp,mysql,MySQL 8.0,Windows Server 2019,41,High,Database
8080,tcp,http-proxy,Tomcat 10,Windows Server 2019,26,Low,Web
445,tcp,microsoft-ds,SMBv3,CentOS,40,Critical,File Sharing
3306,tcp,mysql,MySQL 5.7,Windows Server 2022,9,Medium,Database
23,tcp,telnet,Telnet,Debian,8,High,Remote Access
445,tcp,microsoft-ds,SMBv1,Windows Server 2019,25,Critical,File Sharing
8080,tcp,http-proxy,Tomcat 9,Windows Server 2019,25,Medium,Web
80,tcp,http,Apache 2.4.54,Windows Server 2022,35,Low,Web
5432,tcp,postgresql,PostgreSQL 14,CentOS,19,Low,Database
80,tcp,http,Apache 2.4.54,CentOS,40,Low,Web
445,tcp,microsoft-ds,SMBv1,CentOS,9,Critical,File Sharing
6379,tcp,redis,Redis 7,CentOS,44,Critical,Database
6379,tcp,redis,Redis 7,CentOS,11,Medium,Database
8080,tcp,http-proxy,Tomcat 9,Ubuntu,19,Low,Web
3306,tcp,mysql,MySQL 5.7,Windows Server 2019,19,Medium,Database
3389,tcp,rdp,Windows RDP,Windows Server 2019,33,Medium,Remote Access
8080,tcp,http-proxy,Tomcat 9,Debian,50,Medium,Web
5432,tcp,postgresql,PostgreSQL 14,Windows Server 2022,29,Medium,Database
6379,tcp,redis,Redis 5,Windows Server 2022,42,High,Database
3306,tcp,mysql,MySQL 5.7,CentOS,17,Medium,Database
23,tcp,telnet,Telnet,Linux,50,Critical,Remote Access
443,tcp,https,Apache SSL,Windows Server 2022,40,High,Web
80,tcp,http,nginx 1.24,Ubuntu,14,Low,Web
22,tcp,ssh,OpenSSH 9.0,Windows Server 2019,18,Low,Remote Access
445,tcp,microsoft-ds,SMBv3,Debian,37,Critical,File Sharing
5432,tcp,postgresql,PostgreSQL 14,Ubuntu,49,High,Database
22,tcp,ssh,OpenSSH 9.0,Windows Server 2022,9,Low,Remote Access
443,tcp,https,nginx 1.24,Windows Server 2022,21,Low,Web
6379,tcp,redis,Redis 7,Ubuntu,37,High,Database
6379,tcp,redis,Redis 7,CentOS,5,Medium,Database
6379,tcp,redis,Redis 7,Windows Server 2022,24,High,Database
3389,tcp,rdp,Windows RDP,Windows Server 2019,1,Low,Remote Access
3389,tcp,rdp,Windows RDP,Linux,35,High,Remote Access
443,tcp,https,Apache SSL,Ubuntu,32,Medium,Web
445,tcp,microsoft-ds,SMBv3,Debian,36,Critical,File Sharing
8080,tcp,http-proxy,Tomcat 10,Debian,44,Medium,Web
22,tcp,ssh,OpenSSH 5.3,Windows Server 2022,30,Medium,Remote Access
23,tcp,telnet,Telnet,CentOS,30,High,Remote Access
6379,tcp,redis,Redis 5,Windows Server 2022,9,Medium,Database
80,tcp,http,Apache 2.4.54,Linux,42,Medium,Web
3306,tcp,mysql,MySQL 5.7,Debian,43,High,Database
22,tcp,ssh,OpenSSH 9.0,Windows Server 2022,20,Low,Remote Access
6379,tcp,redis,Redis 5,Windows Server 2022,7,Medium,Database
443,tcp,https,Apache SSL,Linux,9,Low,Web
5432,tcp,postgresql,PostgreSQL 16,Linux,1,Low,Database
23,tcp,telnet,Telnet,Windows Server 2022,9,High,Remote Access
23,tcp,telnet,Telnet,CentOS,6,Medium,Remote Access
23,tcp,telnet,Telnet,Debian,20,High,Remote Access
6379,tcp,redis,Redis 5,Windows Server 2022,44,High,Database
23,tcp,telnet,Telnet,Windows Server 2019,42,Critical,Remote Access
3389,tcp,rdp,Windows RDP,Windows Server 2022,14,Medium,Remote Access
6379,tcp,redis,Redis 7,Ubuntu,6,Medium,Database
80,tcp,http,Apache 2.4.49,Windows Server 2019,47,Critical,Web
445,tcp,microsoft-ds,SMBv3,Debian,9,High,File Sharing
3306,tcp,mysql,MySQL 5.7,Ubuntu,36,High,Database
22,tcp,ssh,OpenSSH 9.0,Ubuntu,34,Low,Remote Access
6379,tcp,redis,Redis 7,Windows Server 2022,4,Medium,Database
3389,tcp,rdp,Windows RDP,Linux,16,High,Remote Access
8080,tcp,http-proxy,Tomcat 9,Windows Server 2019,1,Low,Web
445,tcp,microsoft-ds,SMBv1,CentOS,37,Critical,File Sharing
445,tcp,microsoft-ds,SMBv1,CentOS,50,Critical,File Sharing
22,tcp,ssh,OpenSSH 5.3,Linux,17,Medium,Remote Access
22,tcp,ssh,OpenSSH 5.3,CentOS,33,High,Remote Access
5432,tcp,postgresql,PostgreSQL 16,CentOS,45,High,Database
23,tcp,telnet,Telnet,Debian,6,High,Remote Access
23,tcp,telnet,Telnet,Ubuntu,35,High,Remote Access
6379,tcp,redis,Redis 5,Debian,45,Critical,Database
443,tcp,https,nginx 1.24,Ubuntu,6,Low,Web
23,tcp,telnet,Telnet,Windows Server 2019,39,High,Remote Access
3306,tcp,mysql,MySQL 5.7,Linux,1,Medium,Database
22,tcp,ssh,OpenSSH 5.3,CentOS,23,High,Remote Access
80,tcp,http,Apache 2.4.54,Ubuntu,48,Medium,Web
23,tcp,telnet,Telnet,Debian,28,High,Remote Access
5432,tcp,postgresql,PostgreSQL 14,Debian,46,Medium,Database
3389,tcp,rdp,Windows RDP,Windows Server 2019,24,Medium,Remote Access
3389,tcp,rdp,Windows RDP,Debian,11,Medium,Remote Access
23,tcp,telnet,Telnet,Ubuntu,48,High,Remote Access
22,tcp,ssh,OpenSSH 5.3,Ubuntu,3,Medium,Remote Access
445,tcp,microsoft-ds,SMBv3,Ubuntu,12,Medium,File Sharing
5432,tcp,postgresql,PostgreSQL 16,Ubuntu,21,Medium,Database
6379,tcp,redis,Redis 7,Debian,5,Medium,Database
23,tcp,telnet,Telnet,Ubuntu,15,Medium,Remote Access
6379,tcp,redis,Redis 5,CentOS,19,Medium,Database
445,tcp,microsoft-ds,SMBv1,Windows Server 2019,30,Critical,File Sharing
445,tcp,microsoft-ds,SMBv1,Debian,37,Critical,File Sharing
8080,tcp,http-proxy,Tomcat 9,CentOS,24,Medium,Web
443,tcp,https,nginx 1.24,Ubuntu,1,Low,Web
22,tcp,ssh,OpenSSH 5.3,Windows Server 2019,23,Medium,Remote Access
445,tcp,microsoft-ds,SMBv1,Windows Server 2022,25,Critical,File Sharing
23,tcp,telnet,Telnet,Windows Server 2019,16,High,Remote Access
3389,tcp,rdp,Windows RDP,Ubuntu,46,High,Remote Access
23,tcp,telnet,Telnet,Ubuntu,34,Critical,Remote Access
445,tcp,microsoft-ds,SMBv3,Windows Server 2022,6,Medium,File Sharing
5432,tcp,postgresql,PostgreSQL 14,Windows Server 2022,26,Low,Database
8080,tcp,http-proxy,Tomcat 9,CentOS,43,Medium,Web
443,tcp,https,Apache SSL,Debian,21,Medium,Web
445,tcp,microsoft-ds,SMBv3,CentOS,18,High,File Sharing
23,tcp,telnet,Telnet,Ubuntu,50,High,Remote Access
80,tcp,http,Apache 2.4.49,Ubuntu,29,High,Web
445,tcp,microsoft-ds,SMBv3,Linux,35,High,File Sharing
443,tcp,https,Apache SSL,Debian,30,Medium,Web
23,tcp,telnet,Telnet,Ubuntu,44,Critical,Remote Access
8080,tcp,http-proxy,Tomcat 9,Ubuntu,21,Medium,Web
23,tcp,telnet,Telnet,Debian,26,High,Remote Access
3306,tcp,mysql,MySQL 8.0,Ubuntu,2,Medium,Database
3389,tcp,rdp,Windows RDP,Linux,30,Medium,Remote Access
80,tcp,http,Apache 2.4.49,Linux,4,Medium,Web
80,tcp,http,Apache 2.4.49,CentOS,24,Medium,Web
8080,tcp,http-proxy,Tomcat 10,Linux,2,Low,Web
443,tcp,https,Apache SSL,Ubuntu,6,Low,Web
23,tcp,telnet,Telnet,CentOS,4,Medium,Remote Access
8080,tcp,http-proxy,Tomcat 10,Windows Server 2022,26,Medium,Web
22,tcp,ssh,OpenSSH 9.0,Windows Server 2022,28,Low,Remote Access
445,tcp,microsoft-ds,SMBv1,Ubuntu,18,Critical,File Sharing
3389,tcp,rdp,Windows RDP,Linux,40,High,Remote Access
3306,tcp,mysql,MySQL 8.0,CentOS,36,High,Database
22,tcp,ssh,OpenSSH 5.3,Debian,25,High,Remote Access
6379,tcp,redis,Redis 5,Windows Server 2022,34,High,Database
5432,tcp,postgresql,PostgreSQL 14,CentOS,46,Medium,Database
3389,tcp,rdp,Windows RDP,Debian,37,High,Remote Access
6379,tcp,redis,Redis 7,Ubuntu,2,Medium,Database
8080,tcp,http-proxy,Tomcat 9,Linux,50,Medium,Web
22,tcp,ssh,OpenSSH 9.0,Windows Server 2019,23,Low,Remote Access
80,tcp,http,Apache 2.4.49,Ubuntu,43,High,Web
3306,tcp,mysql,MySQL 5.7,Ubuntu,37,Critical,Database
445,tcp,microsoft-ds,SMBv1,Ubuntu,16,Critical,File Sharing
445,tcp,microsoft-ds,SMBv1,Windows Server 2022,45,Critical,File Sharing
8080,tcp,http-proxy,Tomcat 9,Windows Server 2019,13,Medium,Web
5432,tcp,postgresql,PostgreSQL 16,Ubuntu,32,Low,Database
23,tcp,telnet,Telnet,Ubuntu,39,Critical,Remote Access
22,tcp,ssh,OpenSSH 9.0,Linux,22,Low,Remote Access
80,tcp,http,Apache 2.4.54,Windows Server 2022,12,Low,Web
22,tcp,ssh,OpenSSH 5.3,Ubuntu,38,High,Remote Access
23,tcp,telnet,Telnet,Linux,24,Critical,Remote Access
8080,tcp,http-proxy,Tomcat 9,Debian,20,Low,Web
80,tcp,http,Apache 2.4.49,Windows Server 2022,28,High,Web
445,tcp,microsoft-ds,SMBv1,Windows Server 2022,36,Critical,File Sharing
443,tcp,https,nginx 1.24,CentOS,20,Low,Web
80,tcp,http,Apache 2.4.49,Windows Server 2022,1,Medium,Web
8080,tcp,http-proxy,Tomcat 9,Ubuntu,39,Medium,Web
8080,tcp,http-proxy,Tomcat 9,Windows Server 2022,37,Medium,Web
3389,tcp,rdp,Windows RDP,Debian,48,High,Remote Access
443,tcp,https,Apache SSL,Debian,11,Low,Web
445,tcp,microsoft-ds,SMBv3,Linux,17,High,File Sharing
443,tcp,https,nginx 1.24,Debian,17,Low,Web
22,tcp,ssh,OpenSSH 5.3,CentOS,29,High,Remote Access
80,tcp,http,Apache 2.4.54,CentOS,25,Low,Web
5432,tcp,postgresql,PostgreSQL 16,Linux,31,Medium,Database
80,tcp,http,Apache 2.4.54,Linux,3,Low,Web
22,tcp,ssh,OpenSSH 9.0,Debian,7,Low,Remote Access
445,tcp,microsoft-ds,SMBv1,CentOS,11,High,File Sharing
5432,tcp,postgresql,PostgreSQL 14,Debian,39,High,Database
22,tcp,ssh,OpenSSH 9.0,Windows Server 2022,11,Low,Remote Access
80,tcp,http,Apache 2.4.49,Linux,22,High,Web
443,tcp,https,Apache SSL,Windows Server 2022,36,Medium,Web
3306,tcp,mysql,MySQL 8.0,Ubuntu,7,Low,Database
6379,tcp,redis,Redis 7,Ubuntu,4,Medium,Database
22,tcp,ssh,OpenSSH 9.0,Linux,19,Low,Remote Access
443,tcp,https,nginx 1.24,Linux,14,Low,Web
3306,tcp,mysql,MySQL 5.7,CentOS,8,Medium,Database
6379,tcp,redis,Redis 7,CentOS,43,High,Database
23,tcp,telnet,Telnet,Ubuntu,24,Critical,Remote Access
445,tcp,microsoft-ds,SMBv1,CentOS,3,High,File Sharing
3389,tcp,rdp,Windows RDP,Debian,15,Medium,Remote Access
8080,tcp,http-proxy,Tomcat 9,Ubuntu,49,Medium,Web
23,tcp,telnet,Telnet,Windows Server 2019,27,High,Remote Access
5432,tcp,postgresql,PostgreSQL 14,CentOS,34,Medium,Database
5432,tcp,postgresql,PostgreSQL 16,Windows Server 2019,16,Medium,Database
3306,tcp,mysql,MySQL 5.7,CentOS,46,High,Database
5432,tcp,postgresql,PostgreSQL 14,Linux,49,High,Database
80,tcp,http,Apache 2.4.49,Ubuntu,13,Medium,Web
22,tcp,ssh,OpenSSH 9.0,Linux,44,Medium,Remote Access
443,tcp,https,nginx 1.24,Windows Server 2019,17,Low,Web
23,tcp,telnet,Telnet,CentOS,36,Critical,Remote Access
5432,tcp,postgresql,PostgreSQL 16,Debian,34,Medium,Database
22,tcp,ssh,OpenSSH 9.0,Linux,27,Low,Remote Access
80,tcp,http,nginx 1.24,Windows Server 2019,38,Low,Web
23,tcp,telnet,Telnet,Debian,35,High,Remote Access
6379,tcp,redis,Redis 7,CentOS,42,Critical,Database
8080,tcp,http-proxy,Tomcat 10,Linux,12,Low,Web
6379,tcp,redis,Redis 5,Windows Server 2019,39,Critical,Database
22,tcp,ssh,OpenSSH 9.0,Debian,45,Medium,Remote Access
22,tcp,ssh,OpenSSH 9.0,Debian,24,Low,Remote Access
445,tcp,microsoft-ds,SMBv3,Debian,18,High,File Sharing
23,tcp,telnet,Telnet,Ubuntu,20,High,Remote Access
445,tcp,microsoft-ds,SMBv3,Windows Server 2022,27,High,File Sharing
443,tcp,https,Apache SSL,Ubuntu,27,Medium,Web
5432,tcp,postgresql,PostgreSQL 16,Linux,33,Medium,Database
23,tcp,telnet,Telnet,Windows Server 2022,33,Critical,Remote Access
80,tcp,http,nginx 1.24,Windows Server 2019,2,Low,Web
443,tcp,https,nginx 1.24,Linux,16,Low,Web
3389,tcp,rdp,Windows RDP,Debian,46,High,Remote Access
3306,tcp,mysql,MySQL 8.0,CentOS,33,High,Database
23,tcp,telnet,Telnet,Ubuntu,24,Critical,Remote Access
8080,tcp,http-proxy,Tomcat 10,Ubuntu,31,Medium,Web
445,tcp,microsoft-ds,SMBv1,Debian,48,Critical,File Sharing
3306,tcp,mysql,MySQL 5.7,CentOS,4,Medium,Database
8080,tcp,http-proxy,Tomcat 9,Ubuntu,42,Medium,Web
443,tcp,https,Apache SSL,Windows Server 2022,27,Low,Web
22,tcp,ssh,OpenSSH 9.0,Ubuntu,42,Medium,Remote Access
8080,tcp,http-proxy,Tomcat 9,Ubuntu,17,Low,Web
3306,tcp,mysql,MySQL 8.0,CentOS,23,High,Database
3306,tcp,mysql,MySQL 5.7,CentOS,20,High,Database
8080,tcp,http-proxy,Tomcat 9,Linux,33,Medium,Web
5432,tcp,postgresql,PostgreSQL 16,Debian,44,Medium,Database
3389,tcp,rdp,Windows RDP,Debian,18,Medium,Remote Access
3306,tcp,mysql,MySQL 8.0,Windows Server 2022,46,High,Database
443,tcp,https,nginx 1.24,Windows Server 2019,49,Medium,Web
22,tcp,ssh,OpenSSH 9.0,Windows Server 2022,21,Low,Remote Access
22,tcp,ssh,OpenSSH 9.0,Debian,17,Low,Remote Access
6379,tcp,redis,Redis 7,Windows Server 2022,3,Medium,Database
445,tcp,microsoft-ds,SMBv1,Windows Server 2022,35,Critical,File Sharing
445,tcp,microsoft-ds,SMBv3,Ubuntu,43,Critical,File Sharing
3306,tcp,mysql,MySQL 5.7,CentOS,9,Medium,Database
5432,tcp,postgresql,PostgreSQL 14,Windows Server 2022,22,Low,Database
443,tcp,https,Apache SSL,Ubuntu,48,Medium,Web
6379,tcp,redis,Redis 7,Debian,17,Medium,Database
3389,tcp,rdp,Windows RDP,CentOS,4,Low,Remote Access
3389,tcp,rdp,Windows RDP,Windows Server 2019,8,High,Remote Access
5432,tcp,postgresql,PostgreSQL 16,CentOS,4,Low,Database
80,tcp,http,Apache 2.4.49,Debian,27,High,Web
80,tcp,http,Apache 2.4.54,Windows Server 2022,12,Low,Web
3389,tcp,rdp,Windows RDP,Windows Server 2022,12,Medium,Remote Access
22,tcp,ssh,OpenSSH 5.3,CentOS,18,Medium,Remote Access
80,tcp,http,nginx 1.24,Ubuntu,32,Low,Web
80,tcp,http,nginx 1.24,CentOS,41,Medium,Web
6379,tcp,redis,Redis 7,CentOS,25,Medium,Database
22,tcp,ssh,OpenSSH 5.3,Windows Server 2022,24,Medium,Remote Access
445,tcp,microsoft-ds,SMBv1,Linux,44,Critical,File Sharing
443,tcp,https,nginx 1.24,Windows Server 2022,23,Low,Web
80,tcp,http,Apache 2.4.49,CentOS,33,High,Web
80,tcp,http,Apache 2.4.49,Linux,20,Medium,Web
3389,tcp,rdp,Windows RDP,CentOS,44,High,Remote Access
445,tcp,microsoft-ds,SMBv3,Debian,49,Critical,File Sharing
80,tcp,http,Apache 2.4.54,Linux,15,Low,Web
80,tcp,http,Apache 2.4.49,Windows Server 2022,2,Medium,Web
23,tcp,telnet,Telnet,Windows Server 2022,42,High,Remote Access
6379,tcp,redis,Redis 7,Windows Server 2019,40,High,Database
8080,tcp,http-proxy,Tomcat 9,Windows Server 2022,7,Low,Web
22,tcp,ssh,OpenSSH 5.3,CentOS,29,High,Remote Access
23,tcp,telnet,Telnet,CentOS,45,Critical,Remote Access
443,tcp,https,nginx 1.24,Debian,27,Low,Web
5432,tcp,postgresql,PostgreSQL 16,Windows Server 2019,39,Medium,Database
6379,tcp,redis,Redis 5,Windows Server 2019,47,High,Database
3306,tcp,mysql,MySQL 5.7,Linux,32,High,Database
8080,tcp,http-proxy,Tomcat 9,Debian,34,Medium,Web
445,tcp,microsoft-ds,SMBv3,Debian,11,Medium,File Sharing
5432,tcp,postgresql,PostgreSQL 16,Ubuntu,45,High,Database
445,tcp,microsoft-ds,SMBv1,Linux,1,High,File Sharing
23,tcp,telnet,Telnet,Ubuntu,6,Medium,Remote Access
23,tcp,telnet,Telnet,Windows Server 2022,15,High,Remote Access
3306,tcp,mysql,MySQL 8.0,CentOS,4,Low,Database
80,tcp,http,Apache 2.4.49,Debian,24,High,Web
6379,tcp,redis,Redis 5,Linux,49,High,Database
22,tcp,ssh,OpenSSH 5.3,Windows Server 2022,42,High,Remote Access
445,tcp,microsoft-ds,SMBv3,CentOS,40,Critical,File Sharing
23,tcp,telnet,Telnet,Debian,12,Medium,Remote Access
6379,tcp,redis,Redis 7,CentOS,18,High,Database
3389,tcp,rdp,Windows RDP,Windows Server 2022,11,Medium,Remote Access
80,tcp,http,nginx 1.24,Windows Server 2022,4,Low,Web
23,tcp,telnet,Telnet,Windows Server 2019,31,Critical,Remote Access
80,tcp,http,nginx 1.24,CentOS,50,Medium,Web
8080,tcp,http-proxy,Tomcat 9,Windows Server 2022,47,Medium,Web
3389,tcp,rdp,Windows RDP,Linux,27,High,Remote Access
22,tcp,ssh,OpenSSH 5.3,Debian,42,High,Remote Access
22,tcp,ssh,OpenSSH 5.3,Windows Server 2022,22,Medium,Remote Access
6379,tcp,redis,Redis 5,CentOS,23,High,Database
80,tcp,http,nginx 1.24,Windows Server 2019,4,Low,Web
80,tcp,http,nginx 1.24,CentOS,32,Low,Web
23,tcp,telnet,Telnet,Debian,16,High,Remote Access
3306,tcp,mysql,MySQL 5.7,Windows Server 2019,15,High,Database
6379,tcp,redis,Redis 5,Linux,30,High,Database
8080,tcp,http-proxy,Tomcat 10,Linux,32,Medium,Web
445,tcp,microsoft-ds,SMBv1,CentOS,48,Critical,File Sharing
23,tcp,telnet,Telnet,CentOS,3,Medium,Remote Access
23,tcp,telnet,Telnet,Windows Server 2019,36,Critical,Remote Access
3389,tcp,rdp,Windows RDP,Debian,4,Medium,Remote Access
3389,tcp,rdp,Windows RDP,Windows Server 2019,50,Critical,Remote Access
445,tcp,microsoft-ds,SMBv3,Linux,7,High,File Sharing
22,tcp,ssh,OpenSSH 9.0,Debian,41,Medium,Remote Access
5432,tcp,postgresql,PostgreSQL 16,Windows Server 2022,7,Low,Database
80,tcp,http,Apache 2.4.54,Ubuntu,46,Medium,Web
23,tcp,telnet,Telnet,Windows Server 2019,13,High,Remote Access
23,tcp,telnet,Telnet,Ubuntu,30,High,Remote Access
445,tcp,microsoft-ds,SMBv1,CentOS,3,High,File Sharing
3389,tcp,rdp,Windows RDP,Windows Server 2022,38,High,Remote Access
3389,tcp,rdp,Windows RDP,Windows Server 2019,48,High,Remote Access
5432,tcp,postgresql,PostgreSQL 16,Windows Server 2019,31,Medium,Database
8080,tcp,http-proxy,Tomcat 9,Windows Server 2022,9,Low,Web
6379,tcp,redis,Redis 7,Windows Server 2019,25,High,Database
8080,tcp,http-proxy,Tomcat 9,Debian,26,Medium,Web
3306,tcp,mysql,MySQL 8.0,Ubuntu,9,Medium,Database
8080,tcp,http-proxy,Tomcat 10,Windows Server 2022,36,Medium,Web
5432,tcp,postgresql,PostgreSQL 14,Ubuntu,14,Low,Database
445,tcp,microsoft-ds,SMBv1,Windows Server 2022,42,Critical,File Sharing
5432,tcp,postgresql,PostgreSQL 16,Windows Server 2022,8,Low,Database
5432,tcp,postgresql,PostgreSQL 16,Windows Server 2019,37,High,Database
5432,tcp,postgresql,PostgreSQL 16,CentOS,1,Low,Database
22,tcp,ssh,OpenSSH 9.0,Ubuntu,4,Low,Remote Access
443,tcp,https,Apache SSL,Ubuntu,19,Low,Web
80,tcp,http,Apache 2.4.49,Windows Server 2022,19,Medium,Web
5432,tcp,postgresql,PostgreSQL 14,Debian,29,Low,Database
8080,tcp,http-proxy,Tomcat 9,Windows Server 2022,42,High,Web
443,tcp,https,Apache SSL,Windows Server 2022,43,Medium,Web
6379,tcp,redis,Redis 7,CentOS,44,High,Database
5432,tcp,postgresql,PostgreSQL 14,Linux,48,Medium,Database
443,tcp,https,Apache SSL,Ubuntu,41,Medium,Web
8080,tcp,http-proxy,Tomcat 9,Windows Server 2022,13,Low,Web
3389,tcp,rdp,Windows RDP,Windows Server 2022,5,Medium,Remote Access
80,tcp,http,nginx 1.24,Windows Server 2019,8,Low,Web
22,tcp,ssh,OpenSSH 9.0,Debian,36,Medium,Remote Access
80,tcp,http,Apache 2.4.49,Windows Server 2019,17,Medium,Web
445,tcp,microsoft-ds,SMBv3,Windows Server 2022,10,Medium,File Sharing
80,tcp,http,Apache 2.4.54,Windows Server 2019,4,Low,Web
3389,tcp,rdp,Windows RDP,Linux,46,High,Remote Access
5432,tcp,postgresql,PostgreSQL 14,Ubuntu,34,Low,Database
5432,tcp,postgresql,PostgreSQL 14,CentOS,35,Medium,Database
23,tcp,telnet,Telnet,Ubuntu,14,High,Remote Access
445,tcp,microsoft-ds,SMBv3,Debian,14,High,File Sharing
5432,tcp,postgresql,PostgreSQL 14,Linux,43,Medium,Database
3389,tcp,rdp,Windows RDP,Windows Server 2022,40,High,Remote Access
22,tcp,ssh,OpenSSH 9.0,CentOS,8,Low,Remote Access
3306,tcp,mysql,MySQL 8.0,Linux,34,Medium,Database
5432,tcp,postgresql,PostgreSQL 16,CentOS,3,Low,Database
443,tcp,https,Apache SSL,Windows Server 2019,6,Low,Web
80,tcp,http,nginx 1.24,Windows Server 2019,1,Low,Web
443,tcp,https,nginx 1.24,Windows Server 2022,28,Low,Web
443,tcp,https,Apache SSL,Windows Server 2022,5,Low,Web
22,tcp,ssh,OpenSSH 9.0,Windows Server 2022,22,Low,Remote Access
23,tcp,telnet,Telnet,Linux,12,High,Remote Access
5432,tcp,postgresql,PostgreSQL 14,Windows Server 2019,15,Low,Database
6379,tcp,redis,Redis 7,CentOS,41,Critical,Database
6379,tcp,redis,Redis 7,Linux,25,Medium,Database
5432,tcp,postgresql,PostgreSQL 14,Windows Server 2022,47,Medium,Database
8080,tcp,http-proxy,Tomcat 9,Windows Server 2022,5,Low,Web
5432,tcp,postgresql,PostgreSQL 14,Debian,44,Medium,Database
8080,tcp,http-proxy,Tomcat 9,Debian,49,High,Web
6379,tcp,redis,Redis 7,Windows Server 2022,2,Medium,Database
80,tcp,http,nginx 1.24,Ubuntu,9,Low,Web
5432,tcp,postgresql,PostgreSQL 16,Windows Server 2022,10,Low,Database
445,tcp,microsoft-ds,SMBv1,Windows Server 2019,36,Critical,File Sharing
23,tcp,telnet,Telnet,Linux,37,Critical,Remote Access
5432,tcp,postgresql,PostgreSQL 14,Debian,14,Low,Database
443,tcp,https,Apache SSL,Windows Server 2022,33,Medium,Web
80,tcp,http,Apache 2.4.49,Ubuntu,40,High,Web
443,tcp,https,nginx 1.24,Ubuntu,43,Low,Web
5432,tcp,postgresql,PostgreSQL 16,Windows Server 2022,36,Medium,Database
3306,tcp,mysql,MySQL 5.7,Debian,7,Medium,Database
8080,tcp,http-proxy,Tomcat 10,Debian,23,Medium,Web
443,tcp,https,nginx 1.24,Debian,40,Low,Web
443,tcp,https,Apache SSL,CentOS,29,Medium,Web
8080,tcp,http-proxy,Tomcat 10,Windows Server 2022,38,Medium,Web
8080,tcp,http-proxy,Tomcat 10,Debian,28,Medium,Web
22,tcp,ssh,OpenSSH 9.0,Ubuntu,15,Low,Remote Access
3306,tcp,mysql,MySQL 8.0,Ubuntu,44,High,Database
3389,tcp,rdp,Windows RDP,CentOS,23,High,Remote Access
3389,tcp,rdp,Windows RDP,Ubuntu,42,High,Remote Access
3306,tcp,mysql,MySQL 5.7,Windows Server 2019,13,Medium,Database
23,tcp,telnet,Telnet,Linux,33,High,Remote Access
8080,tcp,http-proxy,Tomcat 10,Windows Server 2019,14,Low,Web
5432,tcp,postgresql,PostgreSQL 16,Windows Server 2019,35,Medium,Database
80,tcp,http,Apache 2.4.54,CentOS,15,Low,Web
80,tcp,http,Apache 2.4.54,Windows Server 2019,33,Low,Web
6379,tcp,redis,Redis 7,Windows Server 2019,1,Medium,Database
8080,tcp,http-proxy,Tomcat 9,Windows Server 2019,9,Medium,Web
80,tcp,http,Apache 2.4.49,Windows Server 2019,37,High,Web
3389,tcp,rdp,Windows RDP,Linux,15,High,Remote Access
443,tcp,https,nginx 1.24,Debian,24,Low,Web
22,tcp,ssh,OpenSSH 5.3,Windows Server 2019,24,High,Remote Access
3389,tcp,rdp,Windows RDP,Linux,3,Medium,Remote Access
23,tcp,telnet,Telnet,Windows Server 2022,17,High,Remote Access
6379,tcp,redis,Redis 7,Debian,38,High,Database
5432,tcp,postgresql,PostgreSQL 16,CentOS,15,Medium,Database
445,tcp,microsoft-ds,SMBv3,CentOS,31,High,File Sharing
5432,tcp,postgresql,PostgreSQL 14,CentOS,11,Low,Database
23,tcp,telnet,Telnet,Ubuntu,10,High,Remote Access
80,tcp,http,Apache 2.4.54,Windows Server 2019,46,Low,Web
443,tcp,https,Apache SSL,Debian,47,Medium,Web
3389,tcp,rdp,Windows RDP,CentOS,14,Medium,Remote Access
6379,tcp,redis,Redis 5,Ubuntu,3,Medium,Database
8080,tcp,http-proxy,Tomcat 9,Ubuntu,41,Medium,Web
8080,tcp,http-proxy,Tomcat 9,Linux,11,Low,Web
80,tcp,http,nginx 1.24,CentOS,39,Low,Web
3306,tcp,mysql,MySQL 5.7,Ubuntu,29,High,Database
3389,tcp,rdp,Windows RDP,Ubuntu,27,High,Remote Access
8080,tcp,http-proxy,Tomcat 9,Windows Server 2019,43,Medium,Web
80,tcp,http,nginx 1.24,Windows Server 2022,22,Medium,Web
8080,tcp,http-proxy,Tomcat 9,Ubuntu,25,Medium,Web
80,tcp,http,Apache 2.4.49,Linux,13,High,Web
80,tcp,http,nginx 1.24,Linux,12,Low,Web
8080,tcp,http-proxy,Tomcat 9,Windows Server 2019,33,Low,Web
23,tcp,telnet,Telnet,Windows Server 2022,9,Medium,Remote Access
6379,tcp,redis,Redis 7,Debian,3,Medium,Database
443,tcp,https,Apache SSL,CentOS,23,Low,Web
6379,tcp,redis,Redis 5,Debian,31,High,Database
23,tcp,telnet,Telnet,Windows Server 2019,35,Critical,Remote Access
3306,tcp,mysql,MySQL 5.7,Linux,46,High,Database
8080,tcp,http-proxy,Tomcat 9,Windows Server 2019,1,Low,Web
443,tcp,https,Apache SSL,CentOS,24,Low,Web
80,tcp,http,Apache 2.4.54,Windows Server 2022,38,Medium,Web
3306,tcp,mysql,MySQL 8.0,Windows Server 2019,24,Medium,Database
6379,tcp,redis,Redis 5,CentOS,36,Critical,Database
80,tcp,http,Apache 2.4.54,Windows Server 2019,36,Medium,Web
3306,tcp,mysql,MySQL 8.0,Windows Server 2019,23,High,Database
80,tcp,http,nginx 1.24,Linux,48,Medium,Web
3389,tcp,rdp,Windows RDP,Linux,14,High,Remote Access
445,tcp,microsoft-ds,SMBv1,Ubuntu,25,Critical,File Sharing
23,tcp,telnet,Telnet,CentOS,39,Critical,Remote Access
23,tcp,telnet,Telnet,Debian,15,High,Remote Access
23,tcp,telnet,Telnet,Windows Server 2022,25,Critical,Remote Access
8080,tcp,http-proxy,Tomcat 10,Windows Server 2022,39,Medium,Web
80,tcp,http,nginx 1.24,CentOS,29,Low,Web
443,tcp,https,Apache SSL,Ubuntu,3,Low,Web
8080,tcp,http-proxy,Tomcat 9,Windows Server 2022,3,Low,Web
443,tcp,https,nginx 1.24,Ubuntu,6,Low,Web
6379,tcp,redis,Redis 7,Windows Server 2022,26,High,Database
8080,tcp,http-proxy,Tomcat 9,Windows Server 2019,1,Low,Web
23,tcp,telnet,Telnet,Windows Server 2022,36,Critical,Remote Access
445,tcp,microsoft-ds,SMBv3,Ubuntu,39,Critical,File Sharing
3389,tcp,rdp,Windows RDP,Windows Server 2019,1,Medium,Remote Access
80,tcp,http,Apache 2.4.54,Windows Server 2019,7,Low,Web
5432,tcp,postgresql,PostgreSQL 16,Debian,8,Low,Database
5432,tcp,postgresql,PostgreSQL 16,Windows Server 2022,29,Medium,Database
8080,tcp,http-proxy,Tomcat 10,Ubuntu,49,Medium,Web
3389,tcp,rdp,Windows RDP,Windows Server 2019,2,Medium,Remote Access
23,tcp,telnet,Telnet,Linux,25,High,Remote Access
443,tcp,https,Apache SSL,CentOS,23,Low,Web
3306,tcp,mysql,MySQL 5.7,Debian,6,High,Database
445,tcp,microsoft-ds,SMBv1,Windows Server 2019,12,Critical,File Sharing
445,tcp,microsoft-ds,SMBv3,Ubuntu,37,Critical,File Sharing
80,tcp,http,nginx 1.24,Windows Server 2022,13,Low,Web
443,tcp,https,nginx 1.24,Windows Server 2022,16,Low,Web
443,tcp,https,nginx 1.24,Ubuntu,16,Low,Web
80,tcp,http,Apache 2.4.49,Linux,6,High,Web
8080,tcp,http-proxy,Tomcat 9,Windows Server 2019,3,Low,Web
445,tcp,microsoft-ds,SMBv3,CentOS,37,Critical,File Sharing
3389,tcp,rdp,Windows RDP,Windows Server 2019,18,High,Remote Access
443,tcp,https,nginx 1.24,Linux,34,Medium,Web
3389,tcp,rdp,Windows RDP,Windows Server 2019,23,High,Remote Access
80,tcp,http,Apache 2.4.54,Linux,45,Medium,Web
445,tcp,microsoft-ds,SMBv1,Linux,44,Critical,File Sharing
6379,tcp,redis,Redis 5,Debian,24,High,Database
80,tcp,http,nginx 1.24,Debian,16,Low,Web
3389,tcp,rdp,Windows RDP,Debian,12,High,Remote Access
6379,tcp,redis,Redis 5,CentOS,45,High,Database
445,tcp,microsoft-ds,SMBv3,Debian,29,High,File Sharing
8080,tcp,http-proxy,Tomcat 9,Windows Server 2019,44,Medium,Web
23,tcp,telnet,Telnet,Ubuntu,36,Critical,Remote Access
6379,tcp,redis,Redis 5,Ubuntu,48,High,Database
3389,tcp,rdp,Windows RDP,Ubuntu,27,High,Remote Access
80,tcp,http,nginx 1.24,Windows Server 2019,35,Low,Web
3389,tcp,rdp,Windows RDP,Debian,36,High,Remote Access
6379,tcp,redis,Redis 5,Windows Server 2022,11,Medium,Database
443,tcp,https,Apache SSL,CentOS,41,Medium,Web
3389,tcp,rdp,Windows RDP,Debian,24,High,Remote Access
5432,tcp,postgresql,PostgreSQL 16,Debian,2,Low,Database
23,tcp,telnet,Telnet,Windows Server 2022,39,Critical,Remote Access
8080,tcp,http-proxy,Tomcat 9,Debian,23,Medium,Web
5432,tcp,postgresql,PostgreSQL 16,Windows Server 2022,29,Low,Database
6379,tcp,redis,Redis 7,CentOS,41,High,Database
80,tcp,http,nginx 1.24,Debian,27,Medium,Web
23,tcp,telnet,Telnet,Ubuntu,22,High,Remote Access
445,tcp,microsoft-ds,SMBv3,Windows Server 2022,19,High,File Sharing
8080,tcp,http-proxy,Tomcat 10,Debian,29,Medium,Web
8080,tcp,http-proxy,Tomcat 10,CentOS,11,Low,Web
22,tcp,ssh,OpenSSH 5.3,Windows Server 2022,16,Medium,Remote Access
23,tcp,telnet,Telnet,Ubuntu,26,High,Remote Access
23,tcp,telnet,Telnet,CentOS,36,High,Remote Access
22,tcp,ssh,OpenSSH 9.0,Windows Server 2019,49,Low,Remote Access
23,tcp,telnet,Telnet,Windows Server 2019,10,Medium,Remote Access
6379,tcp,redis,Redis 7,Ubuntu,16,Medium,Database
3389,tcp,rdp,Windows RDP,Ubuntu,34,High,Remote Access
22,tcp,ssh,OpenSSH 5.3,Windows Server 2022,23,High,Remote Access
3389,tcp,rdp,Windows RDP,Windows Server 2019,18,High,Remote Access
80,tcp,http,nginx 1.24,Windows Server 2019,12,Low,Web
8080,tcp,http-proxy,Tomcat 10,Windows Server 2019,41,Medium,Web
445,tcp,microsoft-ds,SMBv3,Windows Server 2019,15,Medium,File Sharing
3389,tcp,rdp,Windows RDP,Debian,27,High,Remote Access
80,tcp,http,Apache 2.4.54,Linux,1,Low,Web
445,tcp,microsoft-ds,SMBv3,CentOS,35,High,File Sharing
3389,tcp,rdp,Windows RDP,Debian,1,Medium,Remote Access
3306,tcp,mysql,MySQL 5.7,Linux,36,High,Database
443,tcp,https,Apache SSL,Windows Server 2019,28,Medium,Web
443,tcp,https,nginx 1.24,Windows Server 2022,48,Medium,Web
6379,tcp,redis,Redis 5,Debian,6,High,Database
443,tcp,https,Apache SSL,Debian,42,Medium,Web
6379,tcp,redis,Redis 5,Linux,12,Medium,Database
3306,tcp,mysql,MySQL 5.7,Windows Server 2022,30,High,Database
3306,tcp,mysql,MySQL 8.0,Ubuntu,21,Medium,Database
80,tcp,http,Apache 2.4.49,Windows Server 2019,2,Medium,Web
23,tcp,telnet,Telnet,Debian,9,High,Remote Access
22,tcp,ssh,OpenSSH 5.3,Linux,10,Medium,Remote Access
3389,tcp,rdp,Windows RDP,Debian,27,High,Remote Access
3389,tcp,rdp,Windows RDP,CentOS,45,High,Remote Access
445,tcp,microsoft-ds,SMBv1,Ubuntu,4,High,File Sharing
6379,tcp,redis,Redis 5,Windows Server 2019,31,High,Database
443,tcp,https,Apache SSL,CentOS,1,Low,Web
443,tcp,https,Apache SSL,CentOS,16,Low,Web
443,tcp,https,Apache SSL,Windows Server 2022,50,Medium,Web
5432,tcp,postgresql,PostgreSQL 14,CentOS,25,Medium,Database
445,tcp,microsoft-ds,SMBv1,Windows Server 2022,47,Critical,File Sharing
5432,tcp,postgresql,PostgreSQL 14,Debian,31,Medium,Database
443,tcp,https,Apache SSL,Linux,43,Medium,Web
23,tcp,telnet,Telnet,Windows Server 2022,28,High,Remote Access
22,tcp,ssh,OpenSSH 5.3,Debian,38,High,Remote Access
6379,tcp,redis,Redis 5,Linux,3,Medium,Database
8080,tcp,http-proxy,Tomcat 9,Debian,50,Medium,Web
443,tcp,https,nginx 1.24,CentOS,6,Low,Web
22,tcp,ssh,OpenSSH 5.3,Debian,42,High,Remote Access
5432,tcp,postgresql,PostgreSQL 14,Ubuntu,32,Medium,Database
445,tcp,microsoft-ds,SMBv3,CentOS,47,Critical,File Sharing
22,tcp,ssh,OpenSSH 9.0,Debian,47,Medium,Remote Access
3306,tcp,mysql,MySQL 5.7,CentOS,46,Critical,Database
5432,tcp,postgresql,PostgreSQL 16,Windows Server 2019,45,High,Database
443,tcp,https,nginx 1.24,Windows Server 2019,23,Low,Web
3389,tcp,rdp,Windows RDP,Windows Server 2019,36,High,Remote Access
23,tcp,telnet,Telnet,CentOS,19,High,Remote Access
5432,tcp,postgresql,PostgreSQL 16,CentOS,1,Low,Database
80,tcp,http,Apache 2.4.49,Windows Server 2019,24,High,Web
445,tcp,microsoft-ds,SMBv1,Windows Server 2022,35,Critical,File Sharing
443,tcp,https,Apache SSL,Windows Server 2019,10,Low,Web
445,tcp,microsoft-ds,SMBv3,Windows Server 2022,21,High,File Sharing
23,tcp,telnet,Telnet,Linux,9,High,Remote Access
22,tcp,ssh,OpenSSH 5.3,Linux,32,High,Remote Access
23,tcp,telnet,Telnet,Windows Server 2019,42,Critical,Remote Access
3389,tcp,rdp,Windows RDP,Linux,24,High,Remote Access
8080,tcp,http-proxy,Tomcat 9,Linux,14,Medium,Web
23,tcp,telnet,Telnet,Windows Server 2022,4,Medium,Remote Access
5432,tcp,postgresql,PostgreSQL 16,Debian,46,Medium,Database
8080,tcp,http-proxy,Tomcat 10,Windows Server 2019,3,Low,Web
3306,tcp,mysql,MySQL 5.7,Ubuntu,34,Medium,Database
23,tcp,telnet,Telnet,Windows Server 2019,25,High,Remote Access
443,tcp,https,nginx 1.24,Windows Server 2019,41,Medium,Web
5432,tcp,postgresql,PostgreSQL 16,Windows Server 2022,7,Low,Database
3389,tcp,rdp,Windows RDP,Linux,11,Medium,Remote Access
5432,tcp,postgresql,PostgreSQL 16,Windows Server 2019,22,Medium,Database
5432,tcp,postgresql,PostgreSQL 16,Debian,21,Medium,Database
445,tcp,microsoft-ds,SMBv3,Windows Server 2022,28,High,File Sharing
8080,tcp,http-proxy,Tomcat 9,Windows Server 2019,35,Medium,Web
6379,tcp,redis,Redis 7,Debian,29,High,Database
6379,tcp,redis,Redis 5,Windows Server 2022,3,Medium,Database
8080,tcp,http-proxy,Tomcat 9,Windows Server 2019,9,Low,Web
22,tcp,ssh,OpenSSH 9.0,Ubuntu,14,Low,Remote Access
22,tcp,ssh,OpenSSH 9.0,Windows Server 2019,33,Low,Remote Access
23,tcp,telnet,Telnet,CentOS,23,High,Remote Access
80,tcp,http,Apache 2.4.54,Debian,38,Medium,Web
443,tcp,https,Apache SSL,Debian,6,Medium,Web
8080,tcp,http-proxy,Tomcat 9,Windows Server 2022,5,Low,Web
3389,tcp,rdp,Windows RDP,CentOS,45,High,Remote Access
8080,tcp,http-proxy,Tomcat 10,Linux,47,High,Web
23,tcp,telnet,Telnet,Debian,23,Critical,Remote Access
6379,tcp,redis,Redis 5,Ubuntu,48,High,Database
6379,tcp,redis,Redis 5,Debian,34,Medium,Database
445,tcp,microsoft-ds,SMBv1,Debian,33,Critical,File Sharing
80,tcp,http,Apache 2.4.49,Windows Server 2022,47,Critical,Web
3389,tcp,rdp,Windows RDP,Ubuntu,28,High,Remote Access
6379,tcp,redis,Redis 5,Ubuntu,22,Medium,Database
3389,tcp,rdp,Windows RDP,Windows Server 2019,26,High,Remote Access
23,tcp,telnet,Telnet,Windows Server 2019,28,High,Remote Access
80,tcp,http,Apache 2.4.54,Windows Server 2019,13,Low,Web
6379,tcp,redis,Redis 5,Windows Server 2019,40,High,Database
443,tcp,https,nginx 1.24,Debian,50,Medium,Web
445,tcp,microsoft-ds,SMBv1,Linux,43,Critical,File Sharing
6379,tcp,redis,Redis 7,Debian,13,Medium,Database
445,tcp,microsoft-ds,SMBv1,Debian,11,Critical,File Sharing
8080,tcp,http-proxy,Tomcat 10,Windows Server 2019,10,Medium,Web
22,tcp,ssh,OpenSSH 5.3,Ubuntu,44,High,Remote Access
80,tcp,http,nginx 1.24,Linux,8,Low,Web
443,tcp,https,nginx 1.24,Debian,1,Low,Web
23,tcp,telnet,Telnet,CentOS,31,High,Remote Access
445,tcp,microsoft-ds,SMBv1,Windows Server 2022,35,Critical,File Sharing
443,tcp,https,Apache SSL,Windows Server 2019,31,Medium,Web
22,tcp,ssh,OpenSSH 9.0,Windows Server 2019,43,Low,Remote Access
3306,tcp,mysql,MySQL 5.7,Linux,19,Medium,Database
8080,tcp,http-proxy,Tomcat 10,Linux,30,Low,Web
23,tcp,telnet,Telnet,Windows Server 2022,18,High,Remote Access
23,tcp,telnet,Telnet,Debian,42,Critical,Remote Access
443,tcp,https,Apache SSL,Windows Server 2019,46,Medium,Web
445,tcp,microsoft-ds,SMBv3,Windows Server 2019,35,High,File Sharing
80,tcp,http,Apache 2.4.49,Windows Server 2019,30,Medium,Web
22,tcp,ssh,OpenSSH 5.3,Windows Server 2019,20,Medium,Remote Access
3389,tcp,rdp,Windows RDP,Windows Server 2022,11,Medium,Remote Access
445,tcp,microsoft-ds,SMBv3,Debian,41,Critical,File Sharing
443,tcp,https,Apache SSL,Linux,41,Medium,Web
6379,tcp,redis,Redis 5,Windows Server 2019,18,Medium,Database
80,tcp,http,Apache 2.4.54,CentOS,43,Medium,Web
23,tcp,telnet,Telnet,Windows Server 2019,44,Critical,Remote Access
6379,tcp,redis,Redis 5,Windows Server 2019,10,High,Database
3306,tcp,mysql,MySQL 8.0,CentOS,35,Medium,Database
443,tcp,https,nginx 1.24,Windows Server 2019,35,Low,Web
80,tcp,http,Apache 2.4.54,Windows Server 2022,46,Medium,Web
6379,tcp,redis,Redis 5,Windows Server 2022,37,High,Database
445,tcp,microsoft-ds,SMBv1,Windows Server 2019,35,Critical,File Sharing
80,tcp,http,Apache 2.4.54,Ubuntu,47,Low,Web
445,tcp,microsoft-ds,SMBv3,CentOS,20,High,File Sharing
3306,tcp,mysql,MySQL 5.7,Ubuntu,7,Medium,Database
80,tcp,http,Apache 2.4.49,Windows Server 2019,40,High,Web
8080,tcp,http-proxy,Tomcat 9,Windows Server 2019,15,Low,Web
22,tcp,ssh,OpenSSH 9.0,Linux,45,Medium,Remote Access
80,tcp,http,nginx 1.24,Windows Server 2019,31,Low,Web
80,tcp,http,Apache 2.4.54,CentOS,31,Low,Web
80,tcp,http,Apache 2.4.49,Ubuntu,3,Medium,Web
22,tcp,ssh,OpenSSH 9.0,CentOS,15,Low,Remote Access
443,tcp,https,nginx 1.24,Ubuntu,29,Medium,Web
445,tcp,microsoft-ds,SMBv3,Ubuntu,28,Critical,File Sharing
22,tcp,ssh,OpenSSH 9.0,Windows Server 2022,21,Medium,Remote Access
8080,tcp,http-proxy,Tomcat 9,Windows Server 2019,7,Medium,Web
3389,tcp,rdp,Windows RDP,Ubuntu,34,High,Remote Access
22,tcp,ssh,OpenSSH 9.0,Windows Server 2019,49,Low,Remote Access
443,tcp,https,Apache SSL,CentOS,26,Medium,Web
3306,tcp,mysql,MySQL 8.0,Ubuntu,28,Medium,Database
8080,tcp,http-proxy,Tomcat 9,Windows Server 2022,34,Medium,Web
3389,tcp,rdp,Windows RDP,Linux,47,High,Remote Access
80,tcp,http,nginx 1.24,Windows Server 2022,35,Low,Web
6379,tcp,redis,Redis 7,Debian,29,Medium,Database
80,tcp,http,Apache 2.4.54,Windows Server 2019,46,Medium,Web
3389,tcp,rdp,Windows RDP,Debian,21,High,Remote Access
23,tcp,telnet,Telnet,Linux,46,Critical,Remote Access
445,tcp,microsoft-ds,SMBv1,Windows Server 2019,46,Critical,File Sharing
5432,tcp,postgresql,PostgreSQL 14,CentOS,36,High,Database
22,tcp,ssh,OpenSSH 5.3,Debian,37,High,Remote Access
80,tcp,http,Apache 2.4.49,Ubuntu,50,High,Web
6379,tcp,redis,Redis 7,Debian,47,Critical,Database
3306,tcp,mysql,MySQL 5.7,Linux,9,Medium,Database
22,tcp,ssh,OpenSSH 9.0,Linux,30,Medium,Remote Access
3389,tcp,rdp,Windows RDP,Windows Server 2019,32,High,Remote Access
443,tcp,https,Apache SSL,CentOS,27,Medium,Web
23,tcp,telnet,Telnet,Ubuntu,36,Critical,Remote Access
8080,tcp,http-proxy,Tomcat 9,Linux,12,Low,Web
22,tcp,ssh,OpenSSH 9.0,Linux,10,Low,Remote Access
8080,tcp,http-proxy,Tomcat 10,Debian,6,Low,Web
23,tcp,telnet,Telnet,Ubuntu,11,High,Remote Access
8080,tcp,http-proxy,Tomcat 9,CentOS,48,Medium,Web
22,tcp,ssh,OpenSSH 5.3,Debian,21,High,Remote Access
6379,tcp,redis,Redis 5,CentOS,36,High,Database
3306,tcp,mysql,MySQL 8.0,Ubuntu,8,Medium,Database
445,tcp,microsoft-ds,SMBv3,Windows Server 2019,14,High,File Sharing
8080,tcp,http-proxy,Tomcat 9,Linux,37,Medium,Web
3389,tcp,rdp,Windows RDP,CentOS,39,High,Remote Access
3306,tcp,mysql,MySQL 8.0,Ubuntu,40,High,Database
5432,tcp,postgresql,PostgreSQL 16,CentOS,12,Low,Database
3306,tcp,mysql,MySQL 5.7,Linux,8,Medium,Database
3389,tcp,rdp,Windows RDP,Windows Server 2022,14,High,Remote Access
6379,tcp,redis,Redis 5,Debian,23,High,Database
22,tcp,ssh,OpenSSH 5.3,Windows Server 2022,19,Medium,Remote Access
23,tcp,telnet,Telnet,Debian,33,High,Remote Access
22,tcp,ssh,OpenSSH 5.3,Windows Server 2022,22,High,Remote Access
6379,tcp,redis,Redis 5,Ubuntu,13,Medium,Database
445,tcp,microsoft-ds,SMBv3,CentOS,3,Medium,File Sharing
3389,tcp,rdp,Windows RDP,Windows Server 2022,30,High,Remote Access
3389,tcp,rdp,Windows RDP,Windows Server 2022,4,Medium,Remote Access
8080,tcp,http-proxy,Tomcat 10,Windows Server 2019,35,Low,Web
443,tcp,https,Apache SSL,Debian,5,Low,Web
3306,tcp,mysql,MySQL 5.7,Debian,25,High,Database
8080,tcp,http-proxy,Tomcat 10,Ubuntu,39,Medium,Web
3306,tcp,mysql,MySQL 8.0,Windows Server 2022,3,Low,Database
6379,tcp,redis,Redis 5,CentOS,16,Medium,Database
3389,tcp,rdp,Windows RDP,Ubuntu,34,High,Remote Access
80,tcp,http,Apache 2.4.49,Debian,3,Medium,Web
23,tcp,telnet,Telnet,Windows Server 2019,2,High,Remote Access
5432,tcp,postgresql,PostgreSQL 14,Ubuntu,22,Medium,Database
5432,tcp,postgresql,PostgreSQL 16,Debian,10,Low,Database
5432,tcp,postgresql,PostgreSQL 14,Ubuntu,47,Medium,Database
3389,tcp,rdp,Windows RDP,Windows Server 2022,34,Medium,Remote Access
22,tcp,ssh,OpenSSH 9.0,Linux,44,Low,Remote Access
445,tcp,microsoft-ds,SMBv3,Linux,7,High,File Sharing
22,tcp,ssh,OpenSSH 9.0,Windows Server 2022,14,Low,Remote Access
443,tcp,https,nginx 1.24,Debian,18,Low,Web
3389,tcp,rdp,Windows RDP,Debian,10,Medium,Remote Access
3306,tcp,mysql,MySQL 5.7,Linux,40,High,Database
443,tcp,https,Apache SSL,Windows Server 2019,21,Medium,Web
80,tcp,http,nginx 1.24,Debian,37,Medium,Web
80,tcp,http,Apache 2.4.49,Debian,40,High,Web
5432,tcp,postgresql,PostgreSQL 16,Linux,9,Low,Database
3389,tcp,rdp,Windows RDP,Linux,25,Medium,Remote Access
23,tcp,telnet,Telnet,CentOS,12,High,Remote Access
8080,tcp,http-proxy,Tomcat 10,Debian,22,Medium,Web
5432,tcp,postgresql,PostgreSQL 14,CentOS,37,Medium,Database
23,tcp,telnet,Telnet,Linux,30,High,Remote Access
3389,tcp,rdp,Windows RDP,Ubuntu,15,Medium,Remote Access
8080,tcp,http-proxy,Tomcat 10,Debian,26,Medium,Web
445,tcp,microsoft-ds,SMBv3,CentOS,32,High,File Sharing
23,tcp,telnet,Telnet,Linux,23,Critical,Remote Access
3389,tcp,rdp,Windows RDP,Debian,50,High,Remote Access
8080,tcp,http-proxy,Tomcat 9,Windows Server 2019,7,Medium,Web
23,tcp,telnet,Telnet,Windows Server 2019,42,High,Remote Access
3306,tcp,mysql,MySQL 8.0,CentOS,38,High,Database
443,tcp,https,nginx 1.24,Windows Server 2019,11,Low,Web
6379,tcp,redis,Redis 5,Debian,14,High,Database
6379,tcp,redis,Redis 7,Windows Server 2019,45,High,Database
80,tcp,http,nginx 1.24,Windows Server 2022,5,Low,Web
23,tcp,telnet,Telnet,Debian,36,High,Remote Access
3389,tcp,rdp,Windows RDP,Debian,26,Medium,Remote Access
8080,tcp,http-proxy,Tomcat 9,Windows Server 2022,39,High,Web
445,tcp,microsoft-ds,SMBv3,Windows Server 2022,43,High,File Sharing
23,tcp,telnet,Telnet,Ubuntu,38,High,Remote Access
80,tcp,http,nginx 1.24,Ubuntu,29,Low,Web
6379,tcp,redis,Redis 7,Ubuntu,14,Medium,Database
3306,tcp,mysql,MySQL 8.0,CentOS,46,High,Database
23,tcp,telnet,Telnet,Windows Server 2019,33,Critical,Remote Access
80,tcp,http,Apache 2.4.54,Linux,24,Low,Web
22,tcp,ssh,OpenSSH 9.0,Linux,19,Low,Remote Access
443,tcp,https,Apache SSL,Windows Server 2022,38,High,Web
445,tcp,microsoft-ds,SMBv3,CentOS,25,Critical,File Sharing
5432,tcp,postgresql,PostgreSQL 14,Windows Server 2022,12,Medium,Database
80,tcp,http,Apache 2.4.49,Windows Server 2019,25,High,Web
6379,tcp,redis,Redis 5,Debian,43,High,Database
80,tcp,http,Apache 2.4.49,Linux,42,High,Web
80,tcp,http,nginx 1.24,CentOS,43,Medium,Web
80,tcp,http,Apache 2.4.49,Ubuntu,42,Critical,Web
3389,tcp,rdp,Windows RDP,Windows Server 2019,12,High,Remote Access
5432,tcp,postgresql,PostgreSQL 16,Windows Server 2019,29,Medium,Database
445,tcp,microsoft-ds,SMBv1,Ubuntu,28,Critical,File Sharing
8080,tcp,http-proxy,Tomcat 10,Windows Server 2022,16,Low,Web
6379,tcp,redis,Redis 7,Linux,3,Medium,Database
445,tcp,microsoft-ds,SMBv1,Windows Server 2019,31,Critical,File Sharing
80,tcp,http,nginx 1.24,Windows Server 2022,34,Low,Web
3389,tcp,rdp,Windows RDP,Windows Server 2019,40,High,Remote Access
443,tcp,https,Apache SSL,Windows Server 2022,48,Medium,Web
5432,tcp,postgresql,PostgreSQL 16,Windows Server 2019,4,Low,Database
5432,tcp,postgresql,PostgreSQL 14,CentOS,30,Medium,Database
8080,tcp,http-proxy,Tomcat 10,CentOS,23,Medium,Web
3306,tcp,mysql,MySQL 5.7,Linux,45,High,Database
8080,tcp,http-proxy,Tomcat 10,Linux,41,High,Web
8080,tcp,http-proxy,Tomcat 9,Windows Server 2019,4,Low,Web
8080,tcp,http-proxy,Tomcat 9,Debian,32,Low,Web
80,tcp,http,nginx 1.24,Linux,18,Low,Web
80,tcp,http,nginx 1.24,Debian,18,Low,Web
22,tcp,ssh,OpenSSH 5.3,Windows Server 2019,12,Medium,Remote Access
3389,tcp,rdp,Windows RDP,Ubuntu,17,Medium,Remote Access
3389,tcp,rdp,Windows RDP,Windows Server 2019,3,Medium,Remote Access
23,tcp,telnet,Telnet,Windows Server 2019,10,High,Remote Access
6379,tcp,redis,Redis 7,Ubuntu,43,Critical,Database
80,tcp,http,Apache 2.4.49,Windows Server 2019,47,High,Web
22,tcp,ssh,OpenSSH 9.0,Linux,4,Low,Remote Access
3389,tcp,rdp,Windows RDP,CentOS,20,High,Remote Access
5432,tcp,postgresql,PostgreSQL 14,CentOS,44,High,Database
3389,tcp,rdp,Windows RDP,Ubuntu,34,High,Remote Access
22,tcp,ssh,OpenSSH 9.0,CentOS,25,Low,Remote Access
5432,tcp,postgresql,PostgreSQL 14,Linux,35,Medium,Database
6379,tcp,redis,Redis 7,Debian,18,Medium,Database
23,tcp,telnet,Telnet,Windows Server 2022,38,Critical,Remote Access
3389,tcp,rdp,Windows RDP,Windows Server 2022,44,High,Remote Access
5432,tcp,postgresql,PostgreSQL 16,Windows Server 2022,45,Medium,Database
445,tcp,microsoft-ds,SMBv1,Windows Server 2022,1,High,File Sharing
22,tcp,ssh,OpenSSH 9.0,Linux,34,Low,Remote Access
3389,tcp,rdp,Windows RDP,Ubuntu,47,High,Remote Access
3306,tcp,mysql,MySQL 5.7,Linux,2,Low,Database
22,tcp,ssh,OpenSSH 5.3,Windows Server 2019,41,High,Remote Access
23,tcp,telnet,Telnet,Windows Server 2019,9,High,Remote Access
8080,tcp,http-proxy,Tomcat 9,Linux,45,Medium,Web
3306,tcp,mysql,MySQL 8.0,CentOS,43,Medium,Database
3389,tcp,rdp,Windows RDP,CentOS,45,High,Remote Access
3306,tcp,mysql,MySQL 5.7,Linux,18,Medium,Database
6379,tcp,redis,Redis 7,Debian,4,Medium,Database
3306,tcp,mysql,MySQL 5.7,CentOS,5,High,Database
443,tcp,https,Apache SSL,Ubuntu,42,High,Web
23,tcp,telnet,Telnet,Windows Server 2019,50,Critical,Remote Access
443,tcp,https,nginx 1.24,CentOS,46,Medium,Web
23,tcp,telnet,Telnet,Linux,5,High,Remote Access
3389,tcp,rdp,Windows RDP,CentOS,10,Medium,Remote Access
22,tcp,ssh,OpenSSH 9.0,Debian,10,Low,Remote Access
6379,tcp,redis,Redis 5,Windows Server 2019,46,Critical,Database
3389,tcp,rdp,Windows RDP,CentOS,47,High,Remote Access
5432,tcp,postgresql,PostgreSQL 14,Linux,25,Medium,Database
23,tcp,telnet,Telnet,Debian,44,Critical,Remote Access
6379,tcp,redis,Redis 5,Windows Server 2022,42,High,Database
445,tcp,microsoft-ds,SMBv3,Linux,30,High,File Sharing
443,tcp,https,nginx 1.24,Windows Server 2019,3,Low,Web
443,tcp,https,Apache SSL,Windows Server 2022,25,Low,Web
445,tcp,microsoft-ds,SMBv3,Linux,41,Critical,File Sharing
443,tcp,https,nginx 1.24,Linux,13,Low,Web
8080,tcp,http-proxy,Tomcat 9,CentOS,25,Low,Web
5432,tcp,postgresql,PostgreSQL 16,CentOS,35,Medium,Database
22,tcp,ssh,OpenSSH 5.3,Debian,4,Medium,Remote Access
22,tcp,ssh,OpenSSH 9.0,Linux,14,Low,Remote Access
5432,tcp,postgresql,PostgreSQL 14,Windows Server 2022,38,Medium,Database
23,tcp,telnet,Telnet,Windows Server 2022,10,High,Remote Access
22,tcp,ssh,OpenSSH 9.0,Windows Server 2019,3,Low,Remote Access
80,tcp,http,Apache 2.4.49,Ubuntu,41,High,Web
3306,tcp,mysql,MySQL 5.7,CentOS,40,High,Database
8080,tcp,http-proxy,Tomcat 9,Linux,8,Medium,Web
8080,tcp,http-proxy,Tomcat 9,Linux,13,Medium,Web
445,tcp,microsoft-ds,SMBv3,Debian,8,High,File Sharing
445,tcp,microsoft-ds,SMBv1,Linux,38,Critical,File Sharing
445,tcp,microsoft-ds,SMBv1,Linux,18,Critical,File Sharing
6379,tcp,redis,Redis 5,Windows Server 2022,24,High,Database
3389,tcp,rdp,Windows RDP,Windows Server 2019,3,Medium,Remote Access
23,tcp,telnet,Telnet,Ubuntu,2,High,Remote Access
23,tcp,telnet,Telnet,Linux,12,Medium,Remote Access
8080,tcp,http-proxy,Tomcat 10,CentOS,45,High,Web
80,tcp,http,Apache 2.4.49,Ubuntu,41,High,Web
5432,tcp,postgresql,PostgreSQL 16,CentOS,16,Low,Database
8080,tcp,http-proxy,Tomcat 9,Windows Server 2019,12,Medium,Web
8080,tcp,http-proxy,Tomcat 9,Windows Server 2022,20,Low,Web
6379,tcp,redis,Redis 5,Windows Server 2019,16,Medium,Database
23,tcp,telnet,Telnet,Windows Server 2019,24,High,Remote Access
3389,tcp,rdp,Windows RDP,Debian,4,Medium,Remote Access
23,tcp,telnet,Telnet,Windows Server 2022,31,Critical,Remote Access
80,tcp,http,Apache 2.4.49,Windows Server 2022,3,Low,Web
445,tcp,microsoft-ds,SMBv3,Ubuntu,28,High,File Sharing
445,tcp,microsoft-ds,SMBv3,Linux,7,Medium,File Sharing
5432,tcp,postgresql,PostgreSQL 14,Ubuntu,2,Low,Database
5432,tcp,postgresql,PostgreSQL 14,Linux,16,Medium,Database
8080,tcp,http-proxy,Tomcat 10,CentOS,13,Low,Web
443,tcp,https,nginx 1.24,Debian,15,Low,Web
443,tcp,https,Apache SSL,Ubuntu,25,Medium,Web
23,tcp,telnet,Telnet,Windows Server 2019,32,High,Remote Access
6379,tcp,redis,Redis 5,Ubuntu,40,Critical,Database
80,tcp,http,Apache 2.4.54,Debian,9,Low,Web
443,tcp,https,Apache SSL,Debian,13,Low,Web
80,tcp,http,Apache 2.4.49,Windows Server 2022,37,High,Web
3306,tcp,mysql,MySQL 5.7,Linux,30,High,Database
6379,tcp,redis,Redis 5,Debian,15,Medium,Database
8080,tcp,http-proxy,Tomcat 9,Windows Server 2022,40,Medium,Web
8080,tcp,http-proxy,Tomcat 9,Linux,27,Medium,Web
443,tcp,https,Apache SSL,CentOS,18,Low,Web
6379,tcp,redis,Redis 5,Ubuntu,21,High,Database
8080,tcp,http-proxy,Tomcat 9,Windows Server 2019,10,Low,Web
6379,tcp,redis,Redis 5,Linux,31,Medium,Database
6379,tcp,redis,Redis 7,CentOS,45,High,Database
3389,tcp,rdp,Windows RDP,Ubuntu,6,Medium,Remote Access
6379,tcp,redis,Redis 5,Ubuntu,23,High,Database
443,tcp,https,nginx 1.24,Linux,31,Low,Web
80,tcp,http,nginx 1.24,CentOS,37,Low,Web
3389,tcp,rdp,Windows RDP,Ubuntu,46,Critical,Remote Access
80,tcp,http,Apache 2.4.54,Windows Server 2022,30,Low,Web
23,tcp,telnet,Telnet,Windows Server 2022,22,High,Remote Access
3306,tcp,mysql,MySQL 8.0,Debian,45,High,Database
23,tcp,telnet,Telnet,Windows Server 2022,4,Medium,Remote Access
22,tcp,ssh,OpenSSH 5.3,CentOS,24,High,Remote Access
8080,tcp,http-proxy,Tomcat 9,Debian,24,Medium,Web
5432,tcp,postgresql,PostgreSQL 14,Windows Server 2019,46,Medium,Database
80,tcp,http,Apache 2.4.54,Ubuntu,35,Low,Web
3389,tcp,rdp,Windows RDP,Windows Server 2022,49,High,Remote Access
445,tcp,microsoft-ds,SMBv3,Debian,33,Critical,File Sharing
3306,tcp,mysql,MySQL 5.7,Linux,24,High,Database
3389,tcp,rdp,Windows RDP,Windows Server 2019,34,Medium,Remote Access
3389,tcp,rdp,Windows RDP,CentOS,40,High,Remote Access
23,tcp,telnet,Telnet,CentOS,6,Medium,Remote Access
6379,tcp,redis,Redis 5,Debian,5,Medium,Database
80,tcp,http,Apache 2.4.54,Linux,45,Medium,Web
3389,tcp,rdp,Windows RDP,Ubuntu,34,Medium,Remote Access
3306,tcp,mysql,MySQL 8.0,Windows Server 2022,35,Medium,Database
3389,tcp,rdp,Windows RDP,CentOS,29,Medium,Remote Access
3306,tcp,mysql,MySQL 5.7,Linux,2,Medium,Database
5432,tcp,postgresql,PostgreSQL 16,CentOS,38,Medium,Database
445,tcp,microsoft-ds,SMBv3,Windows Server 2019,43,Critical,File Sharing
3389,tcp,rdp,Windows RDP,Windows Server 2019,9,Medium,Remote Access
80,tcp,http,Apache 2.4.54,Ubuntu,31,Low,Web
3306,tcp,mysql,MySQL 5.7,Ubuntu,23,High,Database
3389,tcp,rdp,Windows RDP,Windows Server 2019,11,Medium,Remote Access
80,tcp,http,Apache 2.4.49,Windows Server 2022,45,High,Web
80,tcp,http,Apache 2.4.49,Linux,3,Medium,Web
8080,tcp,http-proxy,Tomcat 9,CentOS,17,Low,Web
80,tcp,http,Apache 2.4.49,Windows Server 2019,46,High,Web
445,tcp,microsoft-ds,SMBv3,Ubuntu,24,Critical,File Sharing
5432,tcp,postgresql,PostgreSQL 14,Windows Server 2019,20,Low,Database
22,tcp,ssh,OpenSSH 9.0,CentOS,50,Medium,Remote Access
3389,tcp,rdp,Windows RDP,Ubuntu,1,Medium,Remote Access
3306,tcp,mysql,MySQL 8.0,Debian,49,High,Database
8080,tcp,http-proxy,Tomcat 10,Debian,45,Medium,Web
3389,tcp,rdp,Windows RDP,Ubuntu,44,High,Remote Access
3306,tcp,mysql,MySQL 5.7,CentOS,40,High,Database
3389,tcp,rdp,Windows RDP,Linux,21,Medium,Remote Access
8080,tcp,http-proxy,Tomcat 9,Windows Server 2019,34,Medium,Web
3306,tcp,mysql,MySQL 5.7,Linux,6,High,Database
23,tcp,telnet,Telnet,Ubuntu,32,High,Remote Access
8080,tcp,http-proxy,Tomcat 9,Windows Server 2022,24,Medium,Web
80,tcp,http,nginx 1.24,CentOS,24,Medium,Web
445,tcp,microsoft-ds,SMBv1,Debian,23,Critical,File Sharing
3306,tcp,mysql,MySQL 8.0,Windows Server 2019,6,Medium,Database
3389,tcp,rdp,Windows RDP,CentOS,19,Medium,Remote Access
6379,tcp,redis,Redis 7,Ubuntu,38,High,Database
80,tcp,http,Apache 2.4.49,Debian,31,High,Web
23,tcp,telnet,Telnet,Linux,1,High,Remote Access
3306,tcp,mysql,MySQL 8.0,Ubuntu,36,High,Database
8080,tcp,http-proxy,Tomcat 9,Ubuntu,12,Medium,Web
3306,tcp,mysql,MySQL 8.0,Linux,20,Medium,Database
3389,tcp,rdp,Windows RDP,Ubuntu,2,Low,Remote Access
80,tcp,http,Apache 2.4.54,Debian,41,Medium,Web
23,tcp,telnet,Telnet,CentOS,12,High,Remote Access
443,tcp,https,nginx 1.24,Linux,49,Medium,Web
3389,tcp,rdp,Windows RDP,Windows Server 2019,48,High,Remote Access
8080,tcp,http-proxy,Tomcat 10,Windows Server 2019,28,Medium,Web
3389,tcp,rdp,Windows RDP,Debian,33,Medium,Remote Access
3306,tcp,mysql,MySQL 5.7,Windows Server 2019,4,Medium,Database
445,tcp,microsoft-ds,SMBv3,Windows Server 2022,9,High,File Sharing
80,tcp,http,Apache 2.4.49,Debian,24,High,Web
445,tcp,microsoft-ds,SMBv1,Debian,19,High,File Sharing
5432,tcp,postgresql,PostgreSQL 14,Windows Server 2022,12,Low,Database
8080,tcp,http-proxy,Tomcat 9,Windows Server 2019,21,Medium,Web
3306,tcp,mysql,MySQL 8.0,Windows Server 2022,45,High,Database
23,tcp,telnet,Telnet,Ubuntu,1,Medium,Remote Access
5432,tcp,postgresql,PostgreSQL 16,Debian,50,High,Database
6379,tcp,redis,Redis 7,Ubuntu,7,Medium,Database
80,tcp,http,nginx 1.24,Ubuntu,13,Low,Web
6379,tcp,redis,Redis 7,Linux,8,Medium,Database
22,tcp,ssh,OpenSSH 9.0,Debian,20,Low,Remote Access
80,tcp,http,Apache 2.4.54,Windows Server 2019,34,Low,Web
80,tcp,http,nginx 1.24,Debian,2,Low,Web
443,tcp,https,nginx 1.24,Windows Server 2022,10,Low,Web
3306,tcp,mysql,MySQL 5.7,Ubuntu,9,Medium,Database
6379,tcp,redis,Redis 5,Linux,2,Medium,Database
6379,tcp,redis,Redis 5,Ubuntu,7,Medium,Database
5432,tcp,postgresql,PostgreSQL 14,CentOS,8,Low,Database
22,tcp,ssh,OpenSSH 5.3,Debian,43,High,Remote Access
23,tcp,telnet,Telnet,Windows Server 2019,14,High,Remote Access
80,tcp,http,nginx 1.24,Debian,2,Low,Web
80,tcp,http,nginx 1.24,Debian,38,Medium,Web
445,tcp,microsoft-ds,SMBv1,Windows Server 2019,50,Critical,File Sharing
5432,tcp,postgresql,PostgreSQL 14,Linux,38,Medium,Database
5432,tcp,postgresql,PostgreSQL 14,Windows Server 2022,13,Low,Database
80,tcp,http,nginx 1.24,Linux,47,Low,Web
443,tcp,https,Apache SSL,Debian,45,Medium,Web
3389,tcp,rdp,Windows RDP,Ubuntu,23,High,Remote Access
6379,tcp,redis,Redis 5,Windows Server 2019,15,High,Database
23,tcp,telnet,Telnet,Linux,30,High,Remote Access
5432,tcp,postgresql,PostgreSQL 14,CentOS,49,Medium,Database
3306,tcp,mysql,MySQL 5.7,Linux,21,High,Database
23,tcp,telnet,Telnet,Debian,30,High,Remote Access
3389,tcp,rdp,Windows RDP,Windows Server 2019,27,High,Remote Access
6379,tcp,redis,Redis 5,Linux,31,High,Database
80,tcp,http,Apache 2.4.49,Windows Server 2022,32,Medium,Web
6379,tcp,redis,Redis 7,Windows Server 2019,43,High,Database
23,tcp,telnet,Telnet,CentOS,26,High,Remote Access
80,tcp,http,Apache 2.4.49,Debian,13,Medium,Web
443,tcp,https,Apache SSL,Linux,15,Medium,Web
3389,tcp,rdp,Windows RDP,Windows Server 2022,50,High,Remote Access
6379,tcp,redis,Redis 7,CentOS,43,Critical,Database
3389,tcp,rdp,Windows RDP,Ubuntu,50,Critical,Remote Access
23,tcp,telnet,Telnet,Debian,32,Critical,Remote Access
443,tcp,https,nginx 1.24,Linux,7,Low,Web
23,tcp,telnet,Telnet,Windows Server 2022,2,Medium,Remote Access
6379,tcp,redis,Redis 7,Ubuntu,20,Medium,Database
23,tcp,telnet,Telnet,CentOS,13,High,Remote Access
3389,tcp,rdp,Windows RDP,Windows Server 2019,17,Medium,Remote Access
5432,tcp,postgresql,PostgreSQL 14,Linux,28,Low,Database
6379,tcp,redis,Redis 7,Debian,25,High,Database
3389,tcp,rdp,Windows RDP,Linux,12,Medium,Remote Access
80,tcp,http,Apache 2.4.54,CentOS,9,Low,Web
6379,tcp,redis,Redis 7,Linux,37,Critical,Database
5432,tcp,postgresql,PostgreSQL 16,CentOS,36,Medium,Database
5432,tcp,postgresql,PostgreSQL 14,CentOS,17,Medium,Database
8080,tcp,http-proxy,Tomcat 10,Windows Server 2019,44,Medium,Web
3306,tcp,mysql,MySQL 8.0,Linux,2,Low,Database
80,tcp,http,Apache 2.4.54,Debian,48,Low,Web
445,tcp,microsoft-ds,SMBv3,Linux,28,High,File Sharing
445,tcp,microsoft-ds,SMBv3,Debian,4,Medium,File Sharing
443,tcp,https,nginx 1.24,Windows Server 2022,20,Low,Web
23,tcp,telnet,Telnet,Linux,22,High,Remote Access
22,tcp,ssh,OpenSSH 9.0,Linux,30,Medium,Remote Access
8080,tcp,http-proxy,Tomcat 10,Debian,2,Low,Web
8080,tcp,http-proxy,Tomcat 9,Debian,25,Medium,Web
445,tcp,microsoft-ds,SMBv1,CentOS,7,Critical,File Sharing
445,tcp,microsoft-ds,SMBv3,Windows Server 2019,49,Critical,File Sharing
80,tcp,http,nginx 1.24,Debian,24,Medium,Web
443,tcp,https,Apache SSL,Windows Server 2022,5,Low,Web
3306,tcp,mysql,MySQL 8.0,Linux,20,Medium,Database
443,tcp,https,nginx 1.24,Windows Server 2022,38,Low,Web
8080,tcp,http-proxy,Tomcat 10,Debian,5,Medium,Web
6379,tcp,redis,Redis 5,Debian,5,Medium,Database
5432,tcp,postgresql,PostgreSQL 16,CentOS,43,Medium,Database
443,tcp,https,Apache SSL,CentOS,17,Medium,Web
5432,tcp,postgresql,PostgreSQL 14,Linux,41,Medium,Database
8080,tcp,http-proxy,Tomcat 10,Ubuntu,43,High,Web
3306,tcp,mysql,MySQL 8.0,Windows Server 2019,47,Medium,Database
5432,tcp,postgresql,PostgreSQL 14,Debian,30,Medium,Database
443,tcp,https,nginx 1.24,Windows Server 2022,44,Medium,Web
6379,tcp,redis,Redis 7,Debian,5,Medium,Database
6379,tcp,redis,Redis 7,Debian,42,High,Database
3306,tcp,mysql,MySQL 5.7,CentOS,16,Medium,Database
80,tcp,http,Apache 2.4.49,Linux,16,Medium,Web
3389,tcp,rdp,Windows RDP,Windows Server 2019,28,High,Remote Access
22,tcp,ssh,OpenSSH 5.3,Ubuntu,18,Medium,Remote Access
22,tcp,ssh,OpenSSH 9.0,Debian,43,Medium,Remote Access
22,tcp,ssh,OpenSSH 9.0,Linux,4,Low,Remote Access
445,tcp,microsoft-ds,SMBv3,Linux,27,High,File Sharing
23,tcp,telnet,Telnet,Windows Server 2022,9,High,Remote Access
23,tcp,telnet,Telnet,Windows Server 2019,43,Critical,Remote Access
3389,tcp,rdp,Windows RDP,Ubuntu,39,High,Remote Access
445,tcp,microsoft-ds,SMBv3,Windows Server 2019,48,Critical,File Sharing
443,tcp,https,Apache SSL,Ubuntu,10,Low,Web
80,tcp,http,Apache 2.4.49,Debian,29,High,Web
3306,tcp,mysql,MySQL 5.7,CentOS,35,High,Database
23,tcp,telnet,Telnet,Windows Server 2019,28,Critical,Remote Access
443,tcp,https,Apache SSL,Ubuntu,24,Medium,Web
445,tcp,microsoft-ds,SMBv3,Linux,42,High,File Sharing
22,tcp,ssh,OpenSSH 5.3,Debian,36,Critical,Remote Access
3306,tcp,mysql,MySQL 8.0,Windows Server 2022,8,Medium,Database
3389,tcp,rdp,Windows RDP,Linux,26,High,Remote Access
3306,tcp,mysql,MySQL 5.7,Ubuntu,20,Medium,Database
80,tcp,http,Apache 2.4.54,Windows Server 2022,21,Medium,Web
22,tcp,ssh,OpenSSH 9.0,Linux,50,Medium,Remote Access
3389,tcp,rdp,Windows RDP,Debian,46,Critical,Remote Access
23,tcp,telnet,Telnet,Windows Server 2022,17,Medium,Remote Access
445,tcp,microsoft-ds,SMBv3,Windows Server 2019,47,Critical,File Sharing
3389,tcp,rdp,Windows RDP,Linux,42,High,Remote Access
3389,tcp,rdp,Windows RDP,Linux,26,High,Remote Access
3306,tcp,mysql,MySQL 8.0,Windows Server 2019,6,Low,Database
80,tcp,http,Apache 2.4.49,Windows Server 2019,46,High,Web
8080,tcp,http-proxy,Tomcat 10,Debian,29,Medium,Web
80,tcp,http,Apache 2.4.54,Ubuntu,44,Medium,Web
3306,tcp,mysql,MySQL 5.7,Linux,27,High,Database
80,tcp,http,Apache 2.4.54,CentOS,37,Medium,Web
22,tcp,ssh,OpenSSH 5.3,Windows Server 2019,42,High,Remote Access
23,tcp,telnet,Telnet,Ubuntu,17,High,Remote Access
22,tcp,ssh,OpenSSH 9.0,Windows Server 2019,28,Low,Remote Access
80,tcp,http,Apache 2.4.49,Debian,11,Medium,Web
22,tcp,ssh,OpenSSH 9.0,CentOS,44,Medium,Remote Access
23,tcp,telnet,Telnet,Windows Server 2022,14,High,Remote Access
3306,tcp,mysql,MySQL 8.0,Windows Server 2022,32,High,Database
80,tcp,http,Apache 2.4.54,Ubuntu,39,Medium,Web
3306,tcp,mysql,MySQL 5.7,CentOS,12,High,Database
80,tcp,http,Apache 2.4.49,Debian,17,Medium,Web
8080,tcp,http-proxy,Tomcat 10,Ubuntu,24,Medium,Web
23,tcp,telnet,Telnet,CentOS,9,High,Remote Access
6379,tcp,redis,Redis 5,Windows Server 2022,25,High,Database
8080,tcp,http-proxy,Tomcat 10,Linux,7,Low,Web
22,tcp,ssh,OpenSSH 9.0,Ubuntu,31,Low,Remote Access
8080,tcp,http-proxy,Tomcat 9,Linux,17,Medium,Web
3306,tcp,mysql,MySQL 8.0,Windows Server 2022,24,Medium,Database
5432,tcp,postgresql,PostgreSQL 14,Windows Server 2019,12,Low,Database
80,tcp,http,nginx 1.24,CentOS,22,Medium,Web
80,tcp,http,Apache 2.4.49,Debian,46,Critical,Web
80,tcp,http,Apache 2.4.54,Linux,21,Low,Web
80,tcp,http,Apache 2.4.54,Debian,48,Medium,Web
6379,tcp,redis,Redis 7,Debian,40,High,Database
5432,tcp,postgresql,PostgreSQL 16,CentOS,11,Low,Database
3389,tcp,rdp,Windows RDP,Windows Server 2019,43,Critical,Remote Access
22,tcp,ssh,OpenSSH 5.3,Ubuntu,4,Medium,Remote Access
80,tcp,http,Apache 2.4.49,CentOS,17,Medium,Web
3389,tcp,rdp,Windows RDP,Linux,32,Medium,Remote Access
3389,tcp,rdp,Windows RDP,Windows Server 2022,36,Critical,Remote Access
3389,tcp,rdp,Windows RDP,Linux,47,High,Remote Access
23,tcp,telnet,Telnet,Linux,14,High,Remote Access
80,tcp,http,Apache 2.4.49,Windows Server 2022,33,High,Web
8080,tcp,http-proxy,Tomcat 9,Windows Server 2019,1,Low,Web
6379,tcp,redis,Redis 5,Ubuntu,50,Critical,Database
23,tcp,telnet,Telnet,Linux,19,Medium,Remote Access
6379,tcp,redis,Redis 7,Windows Server 2019,7,Medium,Database
80,tcp,http,Apache 2.4.49,Linux,30,High,Web
3389,tcp,rdp,Windows RDP,Windows Server 2019,43,High,Remote Access
445,tcp,microsoft-ds,SMBv1,Windows Server 2022,40,Critical,File Sharing
445,tcp,microsoft-ds,SMBv1,Ubuntu,4,High,File Sharing
445,tcp,microsoft-ds,SMBv1,Windows Server 2022,5,Critical,File Sharing
23,tcp,telnet,Telnet,Debian,12,High,Remote Access
6379,tcp,redis,Redis 5,Linux,14,Medium,Database
6379,tcp,redis,Redis 7,Debian,42,High,Database
23,tcp,telnet,Telnet,CentOS,28,High,Remote Access
8080,tcp,http-proxy,Tomcat 9,Debian,43,Medium,Web
445,tcp,microsoft-ds,SMBv1,CentOS,29,Critical,File Sharing
3389,tcp,rdp,Windows RDP,Windows Server 2019,39,Critical,Remote Access
23,tcp,telnet,Telnet,Debian,40,Critical,Remote Access
6379,tcp,redis,Redis 7,Linux,3,Medium,Database
3389,tcp,rdp,Windows RDP,Windows Server 2022,44,High,Remote Access
3389,tcp,rdp,Windows RDP,Debian,30,High,Remote Access
23,tcp,telnet,Telnet,Debian,10,High,Remote Access
3306,tcp,mysql,MySQL 5.7,Windows Server 2019,28,High,Database
8080,tcp,http-proxy,Tomcat 9,Windows Server 2019,5,Low,Web
5432,tcp,postgresql,PostgreSQL 14,Windows Server 2019,28,Medium,Database
23,tcp,telnet,Telnet,Windows Server 2022,47,Critical,Remote Access
445,tcp,microsoft-ds,SMBv3,Windows Server 2019,6,Medium,File Sharing
23,tcp,telnet,Telnet,Ubuntu,12,High,Remote Access
22,tcp,ssh,OpenSSH 5.3,CentOS,46,High,Remote Access
445,tcp,microsoft-ds,SMBv3,Windows Server 2022,29,High,File Sharing
445,tcp,microsoft-ds,SMBv1,Ubuntu,12,High,File Sharing
8080,tcp,http-proxy,Tomcat 10,Windows Server 2022,7,Medium,Web
5432,tcp,postgresql,PostgreSQL 14,Linux,26,Low,Database
22,tcp,ssh,OpenSSH 5.3,Windows Server 2022,31,High,Remote Access
6379,tcp,redis,Redis 7,Debian,40,High,Database
6379,tcp,redis,Redis 7,Linux,9,Medium,Database
22,tcp,ssh,OpenSSH 5.3,Linux,2,Medium,Remote Access
22,tcp,ssh,OpenSSH 5.3,CentOS,42,High,Remote Access
443,tcp,https,Apache SSL,Windows Server 2022,35,Medium,Web
23,tcp,telnet,Telnet,CentOS,10,High,Remote Access
6379,tcp,redis,Redis 5,Linux,11,Medium,Database
3389,tcp,rdp,Windows RDP,CentOS,2,Medium,Remote Access
8080,tcp,http-proxy,Tomcat 9,Ubuntu,19,Medium,Web
22,tcp,ssh,OpenSSH 9.0,Linux,7,Low,Remote Access
6379,tcp,redis,Redis 7,Windows Server 2022,38,High,Database
22,tcp,ssh,OpenSSH 9.0,CentOS,32,Medium,Remote Access
443,tcp,https,nginx 1.24,Windows Server 2019,2,Low,Web
8080,tcp,http-proxy,Tomcat 10,Windows Server 2019,5,Low,Web
6379,tcp,redis,Redis 7,Linux,32,High,Database
3389,tcp,rdp,Windows RDP,Linux,11,Medium,Remote Access
443,tcp,https,Apache SSL,Debian,29,Medium,Web
5432,tcp,postgresql,PostgreSQL 14,Windows Server 2019,44,Medium,Database
8080,tcp,http-proxy,Tomcat 10,Ubuntu,19,Medium,Web
6379,tcp,redis,Redis 7,CentOS,11,Medium,Database
3306,tcp,mysql,MySQL 5.7,Windows Server 2022,31,High,Database
80,tcp,http,Apache 2.4.49,Ubuntu,39,Critical,Web
23,tcp,telnet,Telnet,CentOS,20,High,Remote Access
443,tcp,https,nginx 1.24,Linux,23,Low,Web
445,tcp,microsoft-ds,SMBv1,Ubuntu,33,Critical,File Sharing
23,tcp,telnet,Telnet,CentOS,8,High,Remote Access
23,tcp,telnet,Telnet,CentOS,17,High,Remote Access
445,tcp,microsoft-ds,SMBv1,Windows Server 2019,18,Critical,File Sharing
5432,tcp,postgresql,PostgreSQL 14,Windows Server 2022,4,Low,Database
3389,tcp,rdp,Windows RDP,Linux,40,High,Remote Access
5432,tcp,postgresql,PostgreSQL 14,Windows Server 2019,7,Low,Database
23,tcp,telnet,Telnet,Debian,11,High,Remote Access
3389,tcp,rdp,Windows RDP,Windows Server 2022,7,Medium,Remote Access
445,tcp,microsoft-ds,SMBv3,Ubuntu,8,High,File Sharing
3389,tcp,rdp,Windows RDP,Linux,16,High,Remote Access
445,tcp,microsoft-ds,SMBv3,Windows Server 2019,11,Medium,File Sharing
3306,tcp,mysql,MySQL 8.0,Windows Server 2022,49,High,Database
445,tcp,microsoft-ds,SMBv1,Ubuntu,49,Critical,File Sharing
443,tcp,https,nginx 1.24,CentOS,27,Medium,Web
3389,tcp,rdp,Windows RDP,Linux,29,High,Remote Access
22,tcp,ssh,OpenSSH 5.3,Linux,22,High,Remote Access
6379,tcp,redis,Redis 5,CentOS,4,Medium,Database
22,tcp,ssh,OpenSSH 5.3,Windows Server 2019,4,Medium,Remote Access
6379,tcp,redis,Redis 7,Windows Server 2022,45,High,Database
445,tcp,microsoft-ds,SMBv3,Linux,18,High,File Sharing
6379,tcp,redis,Redis 7,Windows Server 2022,14,High,Database
445,tcp,microsoft-ds,SMBv3,Ubuntu,20,Medium,File Sharing
22,tcp,ssh,OpenSSH 9.0,CentOS,47,Medium,Remote Access
5432,tcp,postgresql,PostgreSQL 16,Ubuntu,6,Low,Database
5432,tcp,postgresql,PostgreSQL 16,Windows Server 2022,11,Low,Database
22,tcp,ssh,OpenSSH 9.0,Ubuntu,50,Medium,Remote Access
6379,tcp,redis,Redis 5,Windows Server 2022,4,Medium,Database
3306,tcp,mysql,MySQL 8.0,Linux,4,Low,Database
3389,tcp,rdp,Windows RDP,Windows Server 2019,48,High,Remote Access
3389,tcp,rdp,Windows RDP,Ubuntu,48,High,Remote Access
445,tcp,microsoft-ds,SMBv3,Debian,43,Critical,File Sharing
6379,tcp,redis,Redis 5,Linux,21,High,Database
445,tcp,microsoft-ds,SMBv3,Linux,10,High,File Sharing
6379,tcp,redis,Redis 5,Linux,4,Medium,Database
80,tcp,http,Apache 2.4.54,Ubuntu,29,Low,Web
445,tcp,microsoft-ds,SMBv3,Windows Server 2019,36,Critical,File Sharing
3306,tcp,mysql,MySQL 8.0,Windows Server 2022,28,High,Database
3389,tcp,rdp,Windows RDP,Ubuntu,10,Medium,Remote Access
3389,tcp,rdp,Windows RDP,Ubuntu,46,High,Remote Access
443,tcp,https,Apache SSL,CentOS,3,Low,Web
5432,tcp,postgresql,PostgreSQL 16,Linux,39,High,Database
23,tcp,telnet,Telnet,Debian,37,Critical,Remote Access
22,tcp,ssh,OpenSSH 5.3,Linux,24,High,Remote Access
445,tcp,microsoft-ds,SMBv3,Debian,32,High,File Sharing
80,tcp,http,Apache 2.4.49,Windows Server 2019,27,Medium,Web
3306,tcp,mysql,MySQL 8.0,Ubuntu,12,Medium,Database
22,tcp,ssh,OpenSSH 5.3,Windows Server 2019,23,Medium,Remote Access
22,tcp,ssh,OpenSSH 9.0,CentOS,37,Medium,Remote Access
8080,tcp,http-proxy,Tomcat 10,Debian,25,Medium,Web
8080,tcp,http-proxy,Tomcat 9,Ubuntu,33,Medium,Web
3389,tcp,rdp,Windows RDP,Ubuntu,47,High,Remote Access
23,tcp,telnet,Telnet,CentOS,15,High,Remote Access
445,tcp,microsoft-ds,SMBv1,Windows Server 2022,29,Critical,File Sharing
23,tcp,telnet,Telnet,Windows Server 2022,2,Medium,Remote Access
5432,tcp,postgresql,PostgreSQL 14,Windows Server 2022,36,Medium,Database
443,tcp,https,nginx 1.24,Windows Server 2019,34,Low,Web
3389,tcp,rdp,Windows RDP,Linux,43,High,Remote Access
22,tcp,ssh,OpenSSH 9.0,Ubuntu,16,Low,Remote Access
23,tcp,telnet,Telnet,CentOS,38,High,Remote Access
3389,tcp,rdp,Windows RDP,Debian,28,High,Remote Access
6379,tcp,redis,Redis 5,Windows Server 2019,21,High,Database
3306,tcp,mysql,MySQL 5.7,Linux,7,Medium,Database
3306,tcp,mysql,MySQL 5.7,Ubuntu,17,Medium,Database
80,tcp,http,Apache 2.4.54,CentOS,44,Medium,Web
22,tcp,ssh,OpenSSH 9.0,Ubuntu,2,Low,Remote Access
3306,tcp,mysql,MySQL 8.0,Linux,21,Medium,Database
6379,tcp,redis,Redis 7,Debian,25,Medium,Database
22,tcp,ssh,OpenSSH 5.3,Ubuntu,49,High,Remote Access
3389,tcp,rdp,Windows RDP,Linux,18,Medium,Remote Access
445,tcp,microsoft-ds,SMBv3,Windows Server 2019,27,High,File Sharing
3389,tcp,rdp,Windows RDP,CentOS,41,High,Remote Access
22,tcp,ssh,OpenSSH 9.0,Windows Server 2019,38,Low,Remote Access
443,tcp,https,nginx 1.24,Debian,37,Medium,Web
3389,tcp,rdp,Windows RDP,Windows Server 2022,33,High,Remote Access
80,tcp,http,Apache 2.4.54,Windows Server 2019,11,Low,Web
5432,tcp,postgresql,PostgreSQL 16,Windows Server 2019,29,Low,Database
22,tcp,ssh,OpenSSH 9.0,Windows Server 2019,19,Low,Remote Access
22,tcp,ssh,OpenSSH 5.3,CentOS,18,Medium,Remote Access
6379,tcp,redis,Redis 7,Windows Server 2022,14,Medium,Database
22,tcp,ssh,OpenSSH 5.3,Windows Server 2022,35,Medium,Remote Access
3306,tcp,mysql,MySQL 5.7,CentOS,45,High,Database
80,tcp,http,nginx 1.24,Windows Server 2019,18,Low,Web
443,tcp,https,Apache SSL,Windows Server 2022,22,Medium,Web
3389,tcp,rdp,Windows RDP,Ubuntu,43,High,Remote Access
445,tcp,microsoft-ds,SMBv1,CentOS,39,Critical,File Sharing
22,tcp,ssh,OpenSSH 5.3,Windows Server 2022,1,Medium,Remote Access
22,tcp,ssh,OpenSSH 5.3,Windows Server 2022,12,High,Remote Access
5432,tcp,postgresql,PostgreSQL 16,CentOS,35,Low,Database
23,tcp,telnet,Telnet,Windows Server 2022,29,High,Remote Access
445,tcp,microsoft-ds,SMBv3,Windows Server 2019,23,Critical,File Sharing
80,tcp,http,nginx 1.24,Linux,8,Low,Web
445,tcp,microsoft-ds,SMBv1,CentOS,1,High,File Sharing
22,tcp,ssh,OpenSSH 9.0,Windows Server 2022,46,Medium,Remote Access
443,tcp,https,nginx 1.24,Windows Server 2019,41,Medium,Web
443,tcp,https,nginx 1.24,CentOS,24,Low,Web
3306,tcp,mysql,MySQL 8.0,Windows Server 2022,46,High,Database
22,tcp,ssh,OpenSSH 5.3,Windows Server 2022,26,Medium,Remote Access
3306,tcp,mysql,MySQL 8.0,Ubuntu,36,High,Database
8080,tcp,http-proxy,Tomcat 9,Linux,38,Medium,Web
23,tcp,telnet,Telnet,Debian,37,Critical,Remote Access
5432,tcp,postgresql,PostgreSQL 16,Ubuntu,44,Medium,Database
5432,tcp,postgresql,PostgreSQL 16,Windows Server 2022,36,High,Database
22,tcp,ssh,OpenSSH 9.0,Windows Server 2022,44,Low,Remote Access
445,tcp,microsoft-ds,SMBv3,CentOS,18,Medium,File Sharing
5432,tcp,postgresql,PostgreSQL 16,CentOS,24,Low,Database
443,tcp,https,nginx 1.24,Debian,27,Medium,Web
445,tcp,microsoft-ds,SMBv1,CentOS,13,Critical,File Sharing
23,tcp,telnet,Telnet,Windows Server 2022,15,High,Remote Access
23,tcp,telnet,Telnet,Ubuntu,11,High,Remote Access
3306,tcp,mysql,MySQL 5.7,Windows Server 2022,41,High,Database
22,tcp,ssh,OpenSSH 9.0,CentOS,2,Low,Remote Access
3306,tcp,mysql,MySQL 5.7,Linux,31,High,Database
445,tcp,microsoft-ds,SMBv1,Debian,34,Critical,File Sharing
23,tcp,telnet,Telnet,Linux,41,Critical,Remote Access
8080,tcp,http-proxy,Tomcat 9,Linux,4,Low,Web
6379,tcp,redis,Redis 7,Windows Server 2022,5,Medium,Database
22,tcp,ssh,OpenSSH 9.0,Linux,20,Low,Remote Access
23,tcp,telnet,Telnet,Windows Server 2022,4,Medium,Remote Access
3306,tcp,mysql,MySQL 8.0,CentOS,7,Medium,Database
443,tcp,https,nginx 1.24,CentOS,25,Medium,Web
6379,tcp,redis,Redis 5,Debian,42,High,Database
3389,tcp,rdp,Windows RDP,Windows Server 2019,13,Medium,Remote Access
23,tcp,telnet,Telnet,Windows Server 2019,46,High,Remote Access
8080,tcp,http-proxy,Tomcat 9,Windows Server 2019,9,Low,Web
445,tcp,microsoft-ds,SMBv3,CentOS,47,Critical,File Sharing
80,tcp,http,Apache 2.4.49,Ubuntu,3,Low,Web
80,tcp,http,Apache 2.4.54,Windows Server 2019,28,Low,Web
3306,tcp,mysql,MySQL 5.7,Ubuntu,31,High,Database
8080,tcp,http-proxy,Tomcat 10,Debian,24,Low,Web
5432,tcp,postgresql,PostgreSQL 14,Linux,16,Low,Database
6379,tcp,redis,Redis 7,Ubuntu,13,Medium,Database
23,tcp,telnet,Telnet,Ubuntu,43,Critical,Remote Access
3389,tcp,rdp,Windows RDP,Windows Server 2019,37,High,Remote Access
8080,tcp,http-proxy,Tomcat 10,CentOS,22,Medium,Web
23,tcp,telnet,Telnet,Linux,32,High,Remote Access
22,tcp,ssh,OpenSSH 5.3,Windows Server 2022,15,High,Remote Access
8080,tcp,http-proxy,Tomcat 9,Ubuntu,31,Medium,Web
6379,tcp,redis,Redis 5,CentOS,12,Medium,Database
445,tcp,microsoft-ds,SMBv1,Linux,23,Critical,File Sharing
5432,tcp,postgresql,PostgreSQL 14,Ubuntu,19,Medium,Database
443,tcp,https,Apache SSL,Linux,2,Low,Web
443,tcp,https,Apache SSL,Ubuntu,15,Low,Web
80,tcp,http,Apache 2.4.54,Windows Server 2019,16,Low,Web
443,tcp,https,nginx 1.24,Ubuntu,17,Low,Web
22,tcp,ssh,OpenSSH 5.3,CentOS,42,High,Remote Access
445,tcp,microsoft-ds,SMBv1,Debian,30,Critical,File Sharing
445,tcp,microsoft-ds,SMBv3,Windows Server 2022,11,High,File Sharing
23,tcp,telnet,Telnet,Ubuntu,9,High,Remote Access
443,tcp,https,Apache SSL,Windows Server 2022,24,Medium,Web
8080,tcp,http-proxy,Tomcat 10,Windows Server 2022,16,Low,Web
8080,tcp,http-proxy,Tomcat 9,Windows Server 2019,19,Low,Web
445,tcp,microsoft-ds,SMBv1,Linux,41,Critical,File Sharing
80,tcp,http,nginx 1.24,Windows Server 2019,32,Low,Web
23,tcp,telnet,Telnet,Windows Server 2022,40,High,Remote Access
80,tcp,http,nginx 1.24,CentOS,49,Medium,Web
3389,tcp,rdp,Windows RDP,Ubuntu,21,High,Remote Access
5432,tcp,postgresql,PostgreSQL 16,Windows Server 2022,32,Medium,Database
3306,tcp,mysql,MySQL 8.0,Windows Server 2022,38,Medium,Database
443,tcp,https,nginx 1.24,Ubuntu,29,Low,Web
6379,tcp,redis,Redis 5,Debian,28,High,Database
8080,tcp,http-proxy,Tomcat 9,Debian,17,Low,Web
80,tcp,http,Apache 2.4.49,Debian,29,High,Web
443,tcp,https,nginx 1.24,CentOS,33,Low,Web
6379,tcp,redis,Redis 7,CentOS,28,High,Database
445,tcp,microsoft-ds,SMBv3,Debian,18,High,File Sharing
22,tcp,ssh,OpenSSH 5.3,CentOS,15,Medium,Remote Access
23,tcp,telnet,Telnet,Linux,19,Medium,Remote Access
3306,tcp,mysql,MySQL 5.7,Linux,8,Medium,Database
445,tcp,microsoft-ds,SMBv1,Windows Server 2019,13,Critical,File Sharing
443,tcp,https,Apache SSL,Debian,20,Low,Web
443,tcp,https,nginx 1.24,Windows Server 2022,48,Medium,Web
22,tcp,ssh,OpenSSH 9.0,Debian,23,Medium,Remote Access
6379,tcp,redis,Redis 5,CentOS,42,High,Database
6379,tcp,redis,Redis 5,Ubuntu,47,High,Database
3389,tcp,rdp,Windows RDP,Windows Server 2019,38,Critical,Remote Access
3389,tcp,rdp,Windows RDP,Linux,21,High,Remote Access
6379,tcp,redis,Redis 7,Ubuntu,29,High,Database
5432,tcp,postgresql,PostgreSQL 14,Debian,9,Low,Database
3306,tcp,mysql,MySQL 5.7,CentOS,43,High,Database
445,tcp,microsoft-ds,SMBv1,CentOS,28,Critical,File Sharing
5432,tcp,postgresql,PostgreSQL 16,Debian,38,Medium,Database
8080,tcp,http-proxy,Tomcat 9,Ubuntu,10,Low,Web
8080,tcp,http-proxy,Tomcat 10,CentOS,14,Medium,Web
23,tcp,telnet,Telnet,Ubuntu,31,High,Remote Access
445,tcp,microsoft-ds,SMBv3,Windows Server 2022,20,Medium,File Sharing
80,tcp,http,Apache 2.4.49,Windows Server 2022,36,High,Web
22,tcp,ssh,OpenSSH 9.0,Linux,12,Low,Remote Access
23,tcp,telnet,Telnet,Debian,14,High,Remote Access
3306,tcp,mysql,MySQL 5.7,CentOS,4,Medium,Database
5432,tcp,postgresql,PostgreSQL 14,Ubuntu,21,Medium,Database
6379,tcp,redis,Redis 5,Linux,9,High,Database
3389,tcp,rdp,Windows RDP,CentOS,14,Medium,Remote Access
443,tcp,https,Apache SSL,CentOS,46,High,Web
80,tcp,http,nginx 1.24,Windows Server 2019,20,Low,Web
5432,tcp,postgresql,PostgreSQL 16,Debian,13,Low,Database
80,tcp,http,Apache 2.4.54,Linux,26,Low,Web
5432,tcp,postgresql,PostgreSQL 16,Windows Server 2019,32,Medium,Database
3389,tcp,rdp,Windows RDP,Windows Server 2022,6,Medium,Remote Access
3389,tcp,rdp,Windows RDP,Windows Server 2022,46,High,Remote Access
6379,tcp,redis,Redis 5,CentOS,16,Medium,Database
8080,tcp,http-proxy,Tomcat 10,CentOS,25,Medium,Web
8080,tcp,http-proxy,Tomcat 9,CentOS,45,Medium,Web
443,tcp,https,nginx 1.24,Debian,41,Medium,Web
23,tcp,telnet,Telnet,CentOS,27,High,Remote Access
445,tcp,microsoft-ds,SMBv1,Linux,33,Critical,File Sharing
6379,tcp,redis,Redis 7,Ubuntu,17,Medium,Database
5432,tcp,postgresql,PostgreSQL 14,CentOS,2,Low,Database
3389,tcp,rdp,Windows RDP,Debian,48,Critical,Remote Access
443,tcp,https,Apache SSL,Linux,1,Low,Web
23,tcp,telnet,Telnet,Debian,43,Critical,Remote Access
3389,tcp,rdp,Windows RDP,Linux,6,Medium,Remote Access
3389,tcp,rdp,Windows RDP,CentOS,18,Medium,Remote Access
80,tcp,http,Apache 2.4.49,Windows Server 2019,7,Medium,Web
3306,tcp,mysql,MySQL 5.7,Windows Server 2019,48,Critical,Database
80,tcp,http,Apache 2.4.49,Windows Server 2022,49,High,Web
3306,tcp,mysql,MySQL 5.7,CentOS,23,High,Database
443,tcp,https,nginx 1.24,Windows Server 2022,35,Low,Web
3389,tcp,rdp,Windows RDP,Windows Server 2022,34,Medium,Remote Access
6379,tcp,redis,Redis 7,CentOS,4,Low,Database
22,tcp,ssh,OpenSSH 9.0,Ubuntu,16,Low,Remote Access
443,tcp,https,nginx 1.24,Linux,2,Low,Web
22,tcp,ssh,OpenSSH 5.3,Debian,13,Medium,Remote Access
443,tcp,https,nginx 1.24,Windows Server 2022,11,Low,Web
22,tcp,ssh,OpenSSH 9.0,Windows Server 2019,7,Low,Remote Access
445,tcp,microsoft-ds,SMBv1,Windows Server 2019,14,Critical,File Sharing
6379,tcp,redis,Redis 5,Ubuntu,14,Medium,Database
445,tcp,microsoft-ds,SMBv3,Ubuntu,1,High,File Sharing
445,tcp,microsoft-ds,SMBv1,CentOS,14,Critical,File Sharing
443,tcp,https,nginx 1.24,Windows Server 2022,18,Low,Web
22,tcp,ssh,OpenSSH 5.3,Ubuntu,27,High,Remote Access
8080,tcp,http-proxy,Tomcat 10,Linux,46,Medium,Web
3306,tcp,mysql,MySQL 5.7,Windows Server 2019,21,High,Database
80,tcp,http,Apache 2.4.54,Ubuntu,41,Medium,Web
3389,tcp,rdp,Windows RDP,Debian,2,Medium,Remote Access
6379,tcp,redis,Redis 5,Windows Server 2019,38,High,Database
443,tcp,https,nginx 1.24,Windows Server 2019,49,Low,Web
3306,tcp,mysql,MySQL 5.7,Windows Server 2022,28,High,Database
8080,tcp,http-proxy,Tomcat 9,Linux,9,Low,Web
3389,tcp,rdp,Windows RDP,Ubuntu,10,High,Remote Access
443,tcp,https,nginx 1.24,Ubuntu,47,Medium,Web
445,tcp,microsoft-ds,SMBv1,Debian,21,Critical,File Sharing
5432,tcp,postgresql,PostgreSQL 16,Windows Server 2022,19,Low,Database
443,tcp,https,Apache SSL,Debian,16,Low,Web
5432,tcp,postgresql,PostgreSQL 14,Windows Server 2022,16,Low,Database
8080,tcp,http-proxy,Tomcat 10,Windows Server 2019,21,Medium,Web
3389,tcp,rdp,Windows RDP,Linux,32,Medium,Remote Access
443,tcp,https,nginx 1.24,Windows Server 2022,10,Low,Web
80,tcp,http,Apache 2.4.49,Ubuntu,38,High,Web
443,tcp,https,nginx 1.24,CentOS,47,Medium,Web
3306,tcp,mysql,MySQL 5.7,Windows Server 2022,13,Medium,Database
6379,tcp,redis,Redis 5,Windows Server 2019,16,Medium,Database
3306,tcp,mysql,MySQL 8.0,Windows Server 2022,13,Medium,Database
3389,tcp,rdp,Windows RDP,Debian,26,High,Remote Access
80,tcp,http,Apache 2.4.54,CentOS,28,Medium,Web
80,tcp,http,Apache 2.4.54,Linux,49,Medium,Web
6379,tcp,redis,Redis 5,Debian,39,High,Database
5432,tcp,postgresql,PostgreSQL 14,Debian,25,Medium,Database
3306,tcp,mysql,MySQL 8.0,Debian,25,High,Database
23,tcp,telnet,Telnet,Ubuntu,46,Critical,Remote Access
443,tcp,https,nginx 1.24,Ubuntu,1,Low,Web
5432,tcp,postgresql,PostgreSQL 16,CentOS,26,Medium,Database
6379,tcp,redis,Redis 7,CentOS,32,High,Database
8080,tcp,http-proxy,Tomcat 9,CentOS,3,Low,Web
6379,tcp,redis,Redis 5,Ubuntu,49,Critical,Database
3306,tcp,mysql,MySQL 8.0,Windows Server 2019,46,High,Database
445,tcp,microsoft-ds,SMBv1,Windows Server 2022,25,Critical,File Sharing
443,tcp,https,nginx 1.24,CentOS,3,Low,Web
22,tcp,ssh,OpenSSH 5.3,Debian,39,Critical,Remote Access
80,tcp,http,Apache 2.4.54,Ubuntu,39,Medium,Web
22,tcp,ssh,OpenSSH 5.3,Linux,42,Critical,Remote Access
6379,tcp,redis,Redis 5,Windows Server 2019,13,High,Database
80,tcp,http,Apache 2.4.54,Debian,45,Medium,Web
5432,tcp,postgresql,PostgreSQL 16,Windows Server 2019,20,Medium,Database
23,tcp,telnet,Telnet,Windows Server 2022,37,Critical,Remote Access
80,tcp,http,Apache 2.4.54,Windows Server 2022,14,Low,Web
3306,tcp,mysql,MySQL 5.7,Ubuntu,32,Medium,Database
23,tcp,telnet,Telnet,Windows Server 2022,27,Critical,Remote Access
3306,tcp,mysql,MySQL 8.0,Ubuntu,12,Medium,Database
80,tcp,http,nginx 1.24,Ubuntu,13,Low,Web
80,tcp,http,nginx 1.24,Linux,29,Low,Web
80,tcp,http,Apache 2.4.49,Linux,48,High,Web
443,tcp,https,Apache SSL,CentOS,29,Low,Web
80,tcp,http,Apache 2.4.49,Debian,6,High,Web
23,tcp,telnet,Telnet,Linux,22,High,Remote Access
8080,tcp,http-proxy,Tomcat 9,CentOS,32,Low,Web
22,tcp,ssh,OpenSSH 5.3,Debian,49,High,Remote Access
8080,tcp,http-proxy,Tomcat 9,Linux,14,Low,Web
6379,tcp,redis,Redis 7,CentOS,31,High,Database
8080,tcp,http-proxy,Tomcat 10,Debian,24,Medium,Web
445,tcp,microsoft-ds,SMBv1,Debian,43,Critical,File Sharing
6379,tcp,redis,Redis 5,Debian,22,Medium,Database
22,tcp,ssh,OpenSSH 9.0,Windows Server 2022,26,Low,Remote Access
22,tcp,ssh,OpenSSH 5.3,Windows Server 2019,18,Medium,Remote Access
445,tcp,microsoft-ds,SMBv3,Windows Server 2019,44,Critical,File Sharing
5432,tcp,postgresql,PostgreSQL 16,Windows Server 2022,13,Low,Database
445,tcp,microsoft-ds,SMBv1,Windows Server 2022,24,Critical,File Sharing
445,tcp,microsoft-ds,SMBv3,Ubuntu,39,Critical,File Sharing
6379,tcp,redis,Redis 5,Debian,28,High,Database
23,tcp,telnet,Telnet,Debian,39,Critical,Remote Access
80,tcp,http,nginx 1.24,Windows Server 2019,46,Low,Web
80,tcp,http,Apache 2.4.54,Linux,20,Low,Web
80,tcp,http,Apache 2.4.54,Linux,31,Low,Web
443,tcp,https,nginx 1.24,Ubuntu,49,Low,Web
23,tcp,telnet,Telnet,Windows Server 2022,2,Medium,Remote Access
445,tcp,microsoft-ds,SMBv3,Debian,15,High,File Sharing
3389,tcp,rdp,Windows RDP,Windows Server 2022,9,High,Remote Access
23,tcp,telnet,Telnet,Ubuntu,37,High,Remote Access
445,tcp,microsoft-ds,SMBv3,Windows Server 2022,48,Critical,File Sharing
5432,tcp,postgresql,PostgreSQL 16,Ubuntu,15,Low,Database
23,tcp,telnet,Telnet,Linux,8,Medium,Remote Access
445,tcp,microsoft-ds,SMBv1,Windows Server 2022,8,Critical,File Sharing
80,tcp,http,Apache 2.4.54,CentOS,37,Low,Web
3306,tcp,mysql,MySQL 5.7,Windows Server 2019,35,High,Database
6379,tcp,redis,Redis 7,Debian,50,High,Database
80,tcp,http,nginx 1.24,Windows Server 2022,39,Medium,Web
23,tcp,telnet,Telnet,Linux,35,Critical,Remote Access
445,tcp,microsoft-ds,SMBv1,Debian,15,Critical,File Sharing
3389,tcp,rdp,Windows RDP,Windows Server 2019,19,Medium,Remote Access
22,tcp,ssh,OpenSSH 9.0,Debian,33,Low,Remote Access
3306,tcp,mysql,MySQL 8.0,Windows Server 2022,14,Medium,Database
3306,tcp,mysql,MySQL 8.0,Linux,22,Medium,Database
443,tcp,https,nginx 1.24,Windows Server 2022,48,Low,Web
80,tcp,http,Apache 2.4.54,Windows Server 2022,26,Low,Web
80,tcp,http,Apache 2.4.49,Windows Server 2019,26,High,Web
6379,tcp,redis,Redis 7,Debian,49,Critical,Database
6379,tcp,redis,Redis 5,Windows Server 2019,47,High,Database
3306,tcp,mysql,MySQL 5.7,Windows Server 2022,36,Critical,Database
23,tcp,telnet,Telnet,Debian,49,High,Remote Access
3306,tcp,mysql,MySQL 8.0,Windows Server 2022,11,Medium,Database
3389,tcp,rdp,Windows RDP,Debian,10,Medium,Remote Access
443,tcp,https,nginx 1.24,Windows Server 2022,42,Low,Web
445,tcp,microsoft-ds,SMBv1,Windows Server 2022,10,Critical,File Sharing
6379,tcp,redis,Redis 5,Linux,7,Medium,Database
3389,tcp,rdp,Windows RDP,Linux,8,Medium,Remote Access
8080,tcp,http-proxy,Tomcat 10,Ubuntu,41,High,Web
443,tcp,https,nginx 1.24,Linux,16,Low,Web
3389,tcp,rdp,Windows RDP,Windows Server 2022,39,High,Remote Access
6379,tcp,redis,Redis 5,CentOS,42,Critical,Database
3306,tcp,mysql,MySQL 8.0,Debian,1,Low,Database
23,tcp,telnet,Telnet,Linux,32,High,Remote Access
22,tcp,ssh,OpenSSH 9.0,Debian,45,Low,Remote Access
8080,tcp,http-proxy,Tomcat 9,CentOS,31,Medium,Web
3306,tcp,mysql,MySQL 5.7,Linux,21,Medium,Database
5432,tcp,postgresql,PostgreSQL 14,CentOS,45,Medium,Database
6379,tcp,redis,Redis 7,Linux,34,Medium,Database
443,tcp,https,nginx 1.24,Ubuntu,39,Medium,Web
22,tcp,ssh,OpenSSH 9.0,Debian,8,Low,Remote Access
80,tcp,http,nginx 1.24,Ubuntu,42,Medium,Web
23,tcp,telnet,Telnet,Linux,6,Medium,Remote Access
5432,tcp,postgresql,PostgreSQL 16,Debian,35,Medium,Database
6379,tcp,redis,Redis 5,Ubuntu,20,Medium,Database
5432,tcp,postgresql,PostgreSQL 16,Windows Server 2022,35,Medium,Database
80,tcp,http,nginx 1.24,CentOS,45,Medium,Web
5432,tcp,postgresql,PostgreSQL 16,Windows Server 2019,35,Medium,Database
23,tcp,telnet,Telnet,Ubuntu,3,Medium,Remote Access
80,tcp,http,Apache 2.4.54,Ubuntu,9,Low,Web
8080,tcp,http-proxy,Tomcat 10,Debian,9,Medium,Web
23,tcp,telnet,Telnet,Debian,25,High,Remote Access
6379,tcp,redis,Redis 7,Linux,17,High,Database
80,tcp,http,nginx 1.24,Ubuntu,5,Low,Web
443,tcp,https,Apache SSL,Windows Server 2019,43,Medium,Web
6379,tcp,redis,Redis 5,Debian,28,High,Database
22,tcp,ssh,OpenSSH 5.3,Linux,18,Medium,Remote Access
5432,tcp,postgresql,PostgreSQL 14,Windows Server 2022,36,High,Database
23,tcp,telnet,Telnet,Windows Server 2022,6,High,Remote Access
445,tcp,microsoft-ds,SMBv3,Ubuntu,15,High,File Sharing
22,tcp,ssh,OpenSSH 5.3,CentOS,15,High,Remote Access
23,tcp,telnet,Telnet,Ubuntu,34,High,Remote Access
8080,tcp,http-proxy,Tomcat 10,Linux,34,Medium,Web
8080,tcp,http-proxy,Tomcat 10,Windows Server 2019,18,Low,Web
22,tcp,ssh,OpenSSH 5.3,Debian,49,Critical,Remote Access
80,tcp,http,Apache 2.4.54,Windows Server 2022,44,Medium,Web
3389,tcp,rdp,Windows RDP,Debian,1,Medium,Remote Access
80,tcp,http,Apache 2.4.49,CentOS,37,High,Web
22,tcp,ssh,OpenSSH 9.0,Windows Server 2022,50,Medium,Remote Access
8080,tcp,http-proxy,Tomcat 10,Windows Server 2022,30,Medium,Web
3389,tcp,rdp,Windows RDP,CentOS,33,High,Remote Access
3306,tcp,mysql,MySQL 8.0,Windows Server 2019,46,High,Database
3306,tcp,mysql,MySQL 5.7,Debian,27,High,Database
23,tcp,telnet,Telnet,Linux,47,Critical,Remote Access
23,tcp,telnet,Telnet,Windows Server 2019,4,Medium,Remote Access
3306,tcp,mysql,MySQL 8.0,Linux,28,Medium,Database
3389,tcp,rdp,Windows RDP,Windows Server 2019,44,High,Remote Access
6379,tcp,redis,Redis 5,Windows Server 2019,13,Medium,Database
6379,tcp,redis,Redis 7,Ubuntu,48,High,Database
8080,tcp,http-proxy,Tomcat 10,Ubuntu,44,Medium,Web
80,tcp,http,Apache 2.4.49,Debian,9,Medium,Web
22,tcp,ssh,OpenSSH 9.0,CentOS,25,Low,Remote Access
445,tcp,microsoft-ds,SMBv1,Debian,44,Critical,File Sharing
5432,tcp,postgresql,PostgreSQL 14,Debian,20,Medium,Database
3306,tcp,mysql,MySQL 8.0,Ubuntu,1,Medium,Database
443,tcp,https,Apache SSL,Windows Server 2022,33,Low,Web
3389,tcp,rdp,Windows RDP,Linux,23,Medium,Remote Access
8080,tcp,http-proxy,Tomcat 10,Debian,20,Low,Web
23,tcp,telnet,Telnet,Debian,47,Critical,Remote Access
6379,tcp,redis,Redis 7,Linux,7,High,Database
3389,tcp,rdp,Windows RDP,Linux,34,High,Remote Access
6379,tcp,redis,Redis 5,CentOS,1,Medium,Database
3306,tcp,mysql,MySQL 5.7,CentOS,26,High,Database
3306,tcp,mysql,MySQL 8.0,CentOS,12,Medium,Database
23,tcp,telnet,Telnet,Windows Server 2022,29,High,Remote Access
80,tcp,http,Apache 2.4.54,Windows Server 2022,28,Low,Web
445,tcp,microsoft-ds,SMBv1,Linux,13,Critical,File Sharing
22,tcp,ssh,OpenSSH 5.3,CentOS,27,High,Remote Access
22,tcp,ssh,OpenSSH 5.3,Windows Server 2022,13,High,Remote Access
3306,tcp,mysql,MySQL 5.7,CentOS,32,High,Database
80,tcp,http,Apache 2.4.54,CentOS,33,Medium,Web
80,tcp,http,Apache 2.4.49,Linux,2,Medium,Web
80,tcp,http,Apache 2.4.54,Windows Server 2019,1,Low,Web
22,tcp,ssh,OpenSSH 9.0,CentOS,39,Low,Remote Access
6379,tcp,redis,Redis 7,Debian,19,High,Database
23,tcp,telnet,Telnet,Ubuntu,40,Critical,Remote Access
5432,tcp,postgresql,PostgreSQL 14,Ubuntu,18,Low,Database
3306,tcp,mysql,MySQL 5.7,Windows Server 2022,28,High,Database
3389,tcp,rdp,Windows RDP,Windows Server 2022,47,High,Remote Access
443,tcp,https,nginx 1.24,Ubuntu,8,Low,Web
6379,tcp,redis,Redis 5,Debian,13,Medium,Database
6379,tcp,redis,Redis 5,Windows Server 2019,13,Medium,Database
22,tcp,ssh,OpenSSH 9.0,CentOS,34,Low,Remote Access
443,tcp,https,nginx 1.24,Debian,28,Medium,Web
22,tcp,ssh,OpenSSH 9.0,Windows Server 2022,4,Low,Remote Access
23,tcp,telnet,Telnet,Debian,18,High,Remote Access
6379,tcp,redis,Redis 5,Debian,4,Medium,Database
22,tcp,ssh,OpenSSH 5.3,Linux,43,High,Remote Access
443,tcp,https,Apache SSL,CentOS,18,Low,Web
6379,tcp,redis,Redis 5,Debian,32,High,Database
445,tcp,microsoft-ds,SMBv3,Linux,7,Medium,File Sharing
5432,tcp,postgresql,PostgreSQL 14,Debian,24,Medium,Database
8080,tcp,http-proxy,Tomcat 10,Ubuntu,42,Medium,Web
443,tcp,https,Apache SSL,Linux,7,Low,Web
8080,tcp,http-proxy,Tomcat 9,Linux,38,Medium,Web
443,tcp,https,Apache SSL,Linux,5,Low,Web
3306,tcp,mysql,MySQL 8.0,Ubuntu,35,Medium,Database
22,tcp,ssh,OpenSSH 5.3,Ubuntu,27,High,Remote Access
5432,tcp,postgresql,PostgreSQL 16,Debian,29,Low,Database
6379,tcp,redis,Redis 5,CentOS,27,Medium,Database
80,tcp,http,nginx 1.24,Debian,45,Medium,Web
3306,tcp,mysql,MySQL 5.7,Windows Server 2019,4,Medium,Database
6379,tcp,redis,Redis 7,Windows Server 2022,35,Medium,Database
80,tcp,http,Apache 2.4.54,Windows Server 2019,25,Medium,Web
6379,tcp,redis,Redis 7,Ubuntu,12,Medium,Database
80,tcp,http,nginx 1.24,Ubuntu,38,Low,Web
5432,tcp,postgresql,PostgreSQL 16,Windows Server 2019,46,Medium,Database
3306,tcp,mysql,MySQL 5.7,Debian,46,High,Database
5432,tcp,postgresql,PostgreSQL 14,Ubuntu,15,Low,Database
5432,tcp,postgresql,PostgreSQL 14,Debian,3,Low,Database
3306,tcp,mysql,MySQL 5.7,Debian,4,Medium,Database
443,tcp,https,nginx 1.24,Linux,42,Medium,Web
8080,tcp,http-proxy,Tomcat 10,Debian,6,Low,Web
80,tcp,http,Apache 2.4.54,Windows Server 2019,19,Low,Web
22,tcp,ssh,OpenSSH 5.3,Debian,15,Medium,Remote Access
80,tcp,http,Apache 2.4.54,Linux,35,Low,Web
6379,tcp,redis,Redis 7,Windows Server 2022,41,High,Database
3389,tcp,rdp,Windows RDP,Debian,18,Medium,Remote Access
8080,tcp,http-proxy,Tomcat 10,Ubuntu,29,Medium,Web
6379,tcp,redis,Redis 7,Ubuntu,31,Medium,Database
3389,tcp,rdp,Windows RDP,CentOS,12,Medium,Remote Access
443,tcp,https,Apache SSL,Windows Server 2022,12,Low,Web
22,tcp,ssh,OpenSSH 9.0,Ubuntu,12,Low,Remote Access
8080,tcp,http-proxy,Tomcat 9,Linux,10,Low,Web
6379,tcp,redis,Redis 5,CentOS,42,Critical,Database
23,tcp,telnet,Telnet,Windows Server 2022,49,High,Remote Access
8080,tcp,http-proxy,Tomcat 9,CentOS,25,Low,Web
23,tcp,telnet,Telnet,Windows Server 2022,3,Medium,Remote Access
443,tcp,https,nginx 1.24,Debian,10,Low,Web
22,tcp,ssh,OpenSSH 5.3,Windows Server 2019,48,High,Remote Access
23,tcp,telnet,Telnet,Ubuntu,31,Critical,Remote Access
80,tcp,http,Apache 2.4.54,Debian,31,Low,Web
443,tcp,https,nginx 1.24,Windows Server 2019,45,Medium,Web
5432,tcp,postgresql,PostgreSQL 14,Linux,3,Low,Database
5432,tcp,postgresql,PostgreSQL 16,Linux,33,Medium,Database
80,tcp,http,Apache 2.4.49,Ubuntu,2,Medium,Web
6379,tcp,redis,Redis 7,Ubuntu,23,High,Database
443,tcp,https,Apache SSL,Windows Server 2022,46,Medium,Web
3389,tcp,rdp,Windows RDP,Linux,15,Medium,Remote Access
3306,tcp,mysql,MySQL 8.0,Linux,40,High,Database
23,tcp,telnet,Telnet,Linux,3,Medium,Remote Access
80,tcp,http,Apache 2.4.54,Windows Server 2019,22,Low,Web
6379,tcp,redis,Redis 5,Windows Server 2022,44,High,Database
8080,tcp,http-proxy,Tomcat 10,Debian,7,Low,Web
3389,tcp,rdp,Windows RDP,Debian,46,High,Remote Access
22,tcp,ssh,OpenSSH 5.3,Windows Server 2022,10,Medium,Remote Access
80,tcp,http,Apache 2.4.54,CentOS,47,Medium,Web
23,tcp,telnet,Telnet,Windows Server 2019,28,High,Remote Access
80,tcp,http,Apache 2.4.49,Debian,9,Medium,Web
6379,tcp,redis,Redis 7,Debian,32,High,Database
3389,tcp,rdp,Windows RDP,Windows Server 2019,41,High,Remote Access
80,tcp,http,nginx 1.24,Ubuntu,25,Medium,Web
5432,tcp,postgresql,PostgreSQL 16,Windows Server 2019,35,Medium,Database
5432,tcp,postgresql,PostgreSQL 14,CentOS,6,Medium,Database
5432,tcp,postgresql,PostgreSQL 14,Windows Server 2022,6,Low,Database
445,tcp,microsoft-ds,SMBv1,Ubuntu,2,High,File Sharing
5432,tcp,postgresql,PostgreSQL 16,Ubuntu,8,Low,Database
445,tcp,microsoft-ds,SMBv3,Ubuntu,19,High,File Sharing
80,tcp,http,nginx 1.24,CentOS,16,Low,Web
443,tcp,https,nginx 1.24,Windows Server 2022,9,Low,Web
80,tcp,http,Apache 2.4.54,Windows Server 2022,2,Low,Web
445,tcp,microsoft-ds,SMBv1,Windows Server 2022,7,High,File Sharing
3389,tcp,rdp,Windows RDP,Linux,10,Medium,Remote Access
80,tcp,http,Apache 2.4.49,Ubuntu,5,Medium,Web
8080,tcp,http-proxy,Tomcat 10,Ubuntu,49,Medium,Web
3389,tcp,rdp,Windows RDP,Windows Server 2022,34,High,Remote Access
3389,tcp,rdp,Windows RDP,Windows Server 2022,22,High,Remote Access
22,tcp,ssh,OpenSSH 9.0,Linux,10,Low,Remote Access
22,tcp,ssh,OpenSSH 5.3,Windows Server 2019,11,Medium,Remote Access
6379,tcp,redis,Redis 7,Windows Server 2022,30,High,Database
8080,tcp,http-proxy,Tomcat 10,Windows Server 2022,15,Medium,Web
80,tcp,http,Apache 2.4.54,Linux,34,Medium,Web
80,tcp,http,nginx 1.24,Ubuntu,26,Low,Web
443,tcp,https,Apache SSL,Ubuntu,48,Medium,Web
3389,tcp,rdp,Windows RDP,Debian,42,Critical,Remote Access
6379,tcp,redis,Redis 5,Linux,24,High,Database
443,tcp,https,Apache SSL,Linux,7,Low,Web
445,tcp,microsoft-ds,SMBv3,Linux,16,High,File Sharing
80,tcp,http,nginx 1.24,Linux,5,Low,Web
8080,tcp,http-proxy,Tomcat 9,Debian,13,Low,Web
22,tcp,ssh,OpenSSH 5.3,Debian,6,Medium,Remote Access
8080,tcp,http-proxy,Tomcat 10,Linux,4,Low,Web
23,tcp,telnet,Telnet,Linux,23,High,Remote Access
6379,tcp,redis,Redis 5,Debian,49,Critical,Database
445,tcp,microsoft-ds,SMBv1,Windows Server 2022,44,Critical,File Sharing
445,tcp,microsoft-ds,SMBv3,Windows Server 2022,33,High,File Sharing
5432,tcp,postgresql,PostgreSQL 14,Linux,38,High,Database
3389,tcp,rdp,Windows RDP,Debian,11,Medium,Remote Access
3389,tcp,rdp,Windows RDP,Windows Server 2022,6,Medium,Remote Access
443,tcp,https,nginx 1.24,Windows Server 2022,11,Low,Web
3389,tcp,rdp,Windows RDP,Debian,19,Medium,Remote Access
8080,tcp,http-proxy,Tomcat 10,Linux,46,High,Web
443,tcp,https,nginx 1.24,Windows Server 2019,39,Low,Web
80,tcp,http,nginx 1.24,Windows Server 2022,32,Low,Web
22,tcp,ssh,OpenSSH 5.3,Debian,36,High,Remote Access
3389,tcp,rdp,Windows RDP,CentOS,21,High,Remote Access
3306,tcp,mysql,MySQL 5.7,Linux,18,Medium,Database
445,tcp,microsoft-ds,SMBv1,Linux,12,Critical,File Sharing
3306,tcp,mysql,MySQL 8.0,Debian,49,High,Database
80,tcp,http,Apache 2.4.49,Windows Server 2019,32,Medium,Web
445,tcp,microsoft-ds,SMBv3,CentOS,27,High,File Sharing
3389,tcp,rdp,Windows RDP,Windows Server 2019,40,High,Remote Access
445,tcp,microsoft-ds,SMBv1,Windows Server 2022,27,Critical,File Sharing
3306,tcp,mysql,MySQL 5.7,Windows Server 2019,42,High,Database
443,tcp,https,nginx 1.24,Ubuntu,7,Low,Web
6379,tcp,redis,Redis 5,Windows Server 2019,26,Medium,Database
443,tcp,https,Apache SSL,CentOS,43,Medium,Web
445,tcp,microsoft-ds,SMBv3,CentOS,42,Critical,File Sharing
23,tcp,telnet,Telnet,Ubuntu,47,High,Remote Access
6379,tcp,redis,Redis 7,Ubuntu,26,High,Database
23,tcp,telnet,Telnet,Debian,39,Critical,Remote Access
443,tcp,https,Apache SSL,Linux,18,Medium,Web
22,tcp,ssh,OpenSSH 5.3,CentOS,10,Medium,Remote Access
445,tcp,microsoft-ds,SMBv1,Windows Server 2019,50,Critical,File Sharing
22,tcp,ssh,OpenSSH 9.0,CentOS,31,Low,Remote Access
22,tcp,ssh,OpenSSH 5.3,Linux,49,Critical,Remote Access
3306,tcp,mysql,MySQL 8.0,Windows Server 2022,12,Low,Database
80,tcp,http,Apache 2.4.49,Debian,26,Medium,Web
3306,tcp,mysql,MySQL 8.0,CentOS,34,Medium,Database
3306,tcp,mysql,MySQL 5.7,Linux,6,High,Database
445,tcp,microsoft-ds,SMBv3,Ubuntu,13,High,File Sharing
6379,tcp,redis,Redis 7,CentOS,35,High,Database
6379,tcp,redis,Redis 7,Windows Server 2022,37,Critical,Database
22,tcp,ssh,OpenSSH 5.3,Linux,47,High,Remote Access
445,tcp,microsoft-ds,SMBv3,Linux,10,High,File Sharing
80,tcp,http,Apache 2.4.54,Debian,8,Low,Web
3306,tcp,mysql,MySQL 5.7,CentOS,9,High,Database
8080,tcp,http-proxy,Tomcat 9,Linux,14,Low,Web
6379,tcp,redis,Redis 5,Windows Server 2019,25,High,Database
445,tcp,microsoft-ds,SMBv1,Ubuntu,44,Critical,File Sharing
445,tcp,microsoft-ds,SMBv3,Linux,20,High,File Sharing
5432,tcp,postgresql,PostgreSQL 14,Windows Server 2022,32,Medium,Database
6379,tcp,redis,Redis 7,Debian,23,High,Database
5432,tcp,postgresql,PostgreSQL 16,Linux,12,Medium,Database
6379,tcp,redis,Redis 7,Ubuntu,36,High,Database
5432,tcp,postgresql,PostgreSQL 16,CentOS,19,Medium,Database
3306,tcp,mysql,MySQL 5.7,Linux,7,Medium,Database
22,tcp,ssh,OpenSSH 9.0,Linux,32,Low,Remote Access
3389,tcp,rdp,Windows RDP,Windows Server 2022,19,High,Remote Access
443,tcp,https,nginx 1.24,CentOS,36,Medium,Web
23,tcp,telnet,Telnet,CentOS,8,High,Remote Access
3389,tcp,rdp,Windows RDP,Windows Server 2022,46,Critical,Remote Access
22,tcp,ssh,OpenSSH 9.0,Ubuntu,33,Low,Remote Access
3306,tcp,mysql,MySQL 8.0,Debian,27,Medium,Database
22,tcp,ssh,OpenSSH 9.0,Linux,1,Low,Remote Access
80,tcp,http,Apache 2.4.54,Windows Server 2019,48,Medium,Web
445,tcp,microsoft-ds,SMBv1,Windows Server 2019,28,Critical,File Sharing
5432,tcp,postgresql,PostgreSQL 16,Ubuntu,40,High,Database
22,tcp,ssh,OpenSSH 9.0,Ubuntu,41,Medium,Remote Access
80,tcp,http,Apache 2.4.54,Debian,34,Low,Web
6379,tcp,redis,Redis 5,Linux,46,High,Database
5432,tcp,postgresql,PostgreSQL 14,Windows Server 2022,37,High,Database
3306,tcp,mysql,MySQL 5.7,Debian,14,Medium,Database
23,tcp,telnet,Telnet,CentOS,1,Medium,Remote Access
22,tcp,ssh,OpenSSH 5.3,Windows Server 2019,25,Medium,Remote Access
80,tcp,http,Apache 2.4.54,Windows Server 2022,41,Medium,Web
80,tcp,http,Apache 2.4.49,Windows Server 2022,15,Medium,Web
443,tcp,https,nginx 1.24,Windows Server 2022,50,Medium,Web
3306,tcp,mysql,MySQL 5.7,Debian,6,Medium,Database
22,tcp,ssh,OpenSSH 5.3,Linux,30,Medium,Remote Access
23,tcp,telnet,Telnet,Debian,17,High,Remote Access
23,tcp,telnet,Telnet,CentOS,24,High,Remote Access
6379,tcp,redis,Redis 5,CentOS,2,Medium,Database
23,tcp,telnet,Telnet,Windows Server 2022,5,High,Remote Access
6379,tcp,redis,Redis 7,Debian,41,Critical,Database
80,tcp,http,Apache 2.4.49,Debian,1,Medium,Web
8080,tcp,http-proxy,Tomcat 9,Linux,22,Medium,Web
3389,tcp,rdp,Windows RDP,Ubuntu,34,High,Remote Access
23,tcp,telnet,Telnet,Windows Server 2019,2,Medium,Remote Access
5432,tcp,postgresql,PostgreSQL 14,Ubuntu,24,Low,Database
443,tcp,https,nginx 1.24,Debian,9,Low,Web
23,tcp,telnet,Telnet,Debian,18,High,Remote Access
443,tcp,https,nginx 1.24,Debian,46,Medium,Web
3389,tcp,rdp,Windows RDP,CentOS,33,High,Remote Access
443,tcp,https,Apache SSL,Ubuntu,13,Low,Web
6379,tcp,redis,Redis 5,Windows Server 2019,50,High,Database
80,tcp,http,Apache 2.4.49,Windows Server 2022,32,High,Web
3389,tcp,rdp,Windows RDP,Windows Server 2019,48,High,Remote Access
445,tcp,microsoft-ds,SMBv1,Windows Server 2019,25,Critical,File Sharing
443,tcp,https,Apache SSL,Debian,41,Medium,Web
3389,tcp,rdp,Windows RDP,Linux,33,High,Remote Access
8080,tcp,http-proxy,Tomcat 10,Debian,39,Medium,Web
6379,tcp,redis,Redis 5,Linux,12,Medium,Database
6379,tcp,redis,Redis 5,Debian,16,Medium,Database
443,tcp,https,Apache SSL,Debian,10,Low,Web
23,tcp,telnet,Telnet,Debian,45,High,Remote Access
445,tcp,microsoft-ds,SMBv1,CentOS,37,Critical,File Sharing
443,tcp,https,nginx 1.24,CentOS,19,Low,Web
5432,tcp,postgresql,PostgreSQL 14,Linux,36,Medium,Database
8080,tcp,http-proxy,Tomcat 9,Windows Server 2019,42,High,Web
6379,tcp,redis,Redis 7,Debian,13,Medium,Database
22,tcp,ssh,OpenSSH 9.0,CentOS,3,Low,Remote Access
6379,tcp,redis,Redis 5,Linux,29,High,Database
8080,tcp,http-proxy,Tomcat 10,Windows Server 2019,25,Medium,Web
8080,tcp,http-proxy,Tomcat 9,Debian,2,Low,Web
3389,tcp,rdp,Windows RDP,Ubuntu,26,Medium,Remote Access
5432,tcp,postgresql,PostgreSQL 14,Debian,42,Medium,Database
23,tcp,telnet,Telnet,Linux,27,High,Remote Access
3306,tcp,mysql,MySQL 8.0,Debian,26,Medium,Database
5432,tcp,postgresql,PostgreSQL 16,CentOS,40,Medium,Database
6379,tcp,redis,Redis 7,Windows Server 2022,30,High,Database
23,tcp,telnet,Telnet,Windows Server 2019,7,Medium,Remote Access
443,tcp,https,nginx 1.24,Linux,9,Low,Web
445,tcp,microsoft-ds,SMBv3,Ubuntu,11,Medium,File Sharing
443,tcp,https,Apache SSL,Windows Server 2019,1,Low,Web
3306,tcp,mysql,MySQL 5.7,Linux,4,Medium,Database
23,tcp,telnet,Telnet,Debian,45,Critical,Remote Access
3306,tcp,mysql,MySQL 5.7,Ubuntu,38,Critical,Database
23,tcp,telnet,Telnet,Debian,10,High,Remote Access
3389,tcp,rdp,Windows RDP,Windows Server 2019,34,High,Remote Access
8080,tcp,http-proxy,Tomcat 10,Windows Server 2022,32,Medium,Web
445,tcp,microsoft-ds,SMBv3,Ubuntu,6,High,File Sharing
3306,tcp,mysql,MySQL 5.7,Debian,36,High,Database
443,tcp,https,nginx 1.24,Linux,32,Low,Web
443,tcp,https,nginx 1.24,Windows Server 2022,14,Low,Web
6379,tcp,redis,Redis 5,CentOS,7,Medium,Database
443,tcp,https,Apache SSL,Debian,46,High,Web
80,tcp,http,nginx 1.24,Linux,9,Low,Web
445,tcp,microsoft-ds,SMBv3,CentOS,40,Critical,File Sharing
6379,tcp,redis,Redis 5,Linux,18,High,Database
80,tcp,http,nginx 1.24,Debian,37,Low,Web
80,tcp,http,Apache 2.4.54,Linux,48,Low,Web
443,tcp,https,nginx 1.24,CentOS,12,Low,Web
22,tcp,ssh,OpenSSH 9.0,Windows Server 2022,34,Medium,Remote Access
445,tcp,microsoft-ds,SMBv3,Linux,36,High,File Sharing
445,tcp,microsoft-ds,SMBv3,Ubuntu,10,High,File Sharing
5432,tcp,postgresql,PostgreSQL 16,Windows Server 2019,22,Low,Database
3389,tcp,rdp,Windows RDP,Debian,7,Medium,Remote Access
6379,tcp,redis,Redis 7,Ubuntu,19,Medium,Database
6379,tcp,redis,Redis 5,Windows Server 2019,18,High,Database
5432,tcp,postgresql,PostgreSQL 16,Linux,44,Medium,Database
443,tcp,https,nginx 1.24,Ubuntu,8,Low,Web
22,tcp,ssh,OpenSSH 9.0,Ubuntu,5,Low,Remote Access
3306,tcp,mysql,MySQL 5.7,Windows Server 2019,45,Critical,Database
6379,tcp,redis,Redis 7,Linux,15,Medium,Database
3389,tcp,rdp,Windows RDP,Ubuntu,14,Medium,Remote Access
3306,tcp,mysql,MySQL 8.0,Windows Server 2022,1,Low,Database
80,tcp,http,nginx 1.24,Windows Server 2022,40,Medium,Web
3306,tcp,mysql,MySQL 5.7,Ubuntu,21,Medium,Database
80,tcp,http,Apache 2.4.49,Debian,30,High,Web
22,tcp,ssh,OpenSSH 9.0,CentOS,22,Low,Remote Access
80,tcp,http,Apache 2.4.54,Linux,11,Low,Web
8080,tcp,http-proxy,Tomcat 10,CentOS,38,Medium,Web
3389,tcp,rdp,Windows RDP,CentOS,8,Medium,Remote Access
22,tcp,ssh,OpenSSH 9.0,Ubuntu,34,Low,Remote Access
80,tcp,http,Apache 2.4.49,Linux,20,Medium,Web
3389,tcp,rdp,Windows RDP,Windows Server 2022,23,High,Remote Access
3389,tcp,rdp,Windows RDP,Debian,30,Medium,Remote Access
445,tcp,microsoft-ds,SMBv3,Windows Server 2022,22,Critical,File Sharing
23,tcp,telnet,Telnet,Windows Server 2022,34,High,Remote Access
80,tcp,http,Apache 2.4.54,Ubuntu,43,Medium,Web
445,tcp,microsoft-ds,SMBv3,Linux,16,High,File Sharing
445,tcp,microsoft-ds,SMBv1,Windows Server 2022,6,Critical,File Sharing
6379,tcp,redis,Redis 5,Debian,41,Critical,Database
5432,tcp,postgresql,PostgreSQL 14,Debian,44,Medium,Database
445,tcp,microsoft-ds,SMBv3,Windows Server 2019,27,High,File Sharing
3306,tcp,mysql,MySQL 5.7,Linux,38,High,Database
8080,tcp,http-proxy,Tomcat 9,CentOS,30,Medium,Web
3306,tcp,mysql,MySQL 5.7,Linux,32,High,Database
3389,tcp,rdp,Windows RDP,Windows Server 2019,19,Medium,Remote Access
3306,tcp,mysql,MySQL 8.0,Debian,5,Medium,Database
22,tcp,ssh,OpenSSH 9.0,Linux,14,Low,Remote Access
8080,tcp,http-proxy,Tomcat 9,Linux,32,Medium,Web
22,tcp,ssh,OpenSSH 9.0,Debian,43,Low,Remote Access
22,tcp,ssh,OpenSSH 9.0,Ubuntu,23,Low,Remote Access
5432,tcp,postgresql,PostgreSQL 14,Linux,46,Medium,Database
80,tcp,http,nginx 1.24,Ubuntu,28,Low,Web
3306,tcp,mysql,MySQL 5.7,Linux,31,High,Database
443,tcp,https,Apache SSL,CentOS,26,Low,Web
3306,tcp,mysql,MySQL 8.0,Windows Server 2019,20,Medium,Database
8080,tcp,http-proxy,Tomcat 10,Windows Server 2022,21,Medium,Web
443,tcp,https,Apache SSL,Ubuntu,27,Medium,Web
3306,tcp,mysql,MySQL 8.0,Linux,20,Medium,Database
5432,tcp,postgresql,PostgreSQL 14,CentOS,28,Low,Database
80,tcp,http,nginx 1.24,CentOS,45,Medium,Web
5432,tcp,postgresql,PostgreSQL 16,CentOS,23,Medium,Database
3389,tcp,rdp,Windows RDP,CentOS,30,Medium,Remote Access
5432,tcp,postgresql,PostgreSQL 14,CentOS,6,Low,Database
8080,tcp,http-proxy,Tomcat 10,Ubuntu,38,Medium,Web
80,tcp,http,nginx 1.24,Windows Server 2019,37,Medium,Web
22,tcp,ssh,OpenSSH 9.0,Ubuntu,26,Low,Remote Access
3389,tcp,rdp,Windows RDP,Linux,6,Medium,Remote Access
3306,tcp,mysql,MySQL 5.7,Debian,39,High,Database
3306,tcp,mysql,MySQL 8.0,Windows Server 2022,22,Medium,Database
23,tcp,telnet,Telnet,Windows Server 2022,14,High,Remote Access
5432,tcp,postgresql,PostgreSQL 16,Ubuntu,15,Low,Database
3306,tcp,mysql,MySQL 8.0,Windows Server 2022,1,Medium,Database
8080,tcp,http-proxy,Tomcat 9,Linux,5,Low,Web
80,tcp,http,nginx 1.24,Linux,34,Low,Web
443,tcp,https,nginx 1.24,Linux,31,Low,Web
5432,tcp,postgresql,PostgreSQL 16,CentOS,4,Low,Database
3306,tcp,mysql,MySQL 8.0,CentOS,12,Medium,Database
5432,tcp,postgresql,PostgreSQL 16,Windows Server 2019,44,High,Database
8080,tcp,http-proxy,Tomcat 9,CentOS,10,Low,Web
80,tcp,http,Apache 2.4.49,Windows Server 2022,43,High,Web
80,tcp,http,nginx 1.24,Windows Server 2022,45,Medium,Web
3389,tcp,rdp,Windows RDP,Debian,19,Medium,Remote Access
8080,tcp,http-proxy,Tomcat 10,Debian,43,Medium,Web
6379,tcp,redis,Redis 7,Windows Server 2022,7,High,Database
6379,tcp,redis,Redis 7,Ubuntu,2,Medium,Database
3389,tcp,rdp,Windows RDP,Windows Server 2019,25,Medium,Remote Access
8080,tcp,http-proxy,Tomcat 10,Linux,42,High,Web
22,tcp,ssh,OpenSSH 9.0,Ubuntu,30,Medium,Remote Access
3306,tcp,mysql,MySQL 5.7,Ubuntu,23,High,Database
445,tcp,microsoft-ds,SMBv3,Windows Server 2019,5,High,File Sharing
80,tcp,http,Apache 2.4.54,Windows Server 2022,47,Medium,Web
3389,tcp,rdp,Windows RDP,Debian,49,High,Remote Access
6379,tcp,redis,Redis 5,Windows Server 2022,31,High,Database
3389,tcp,rdp,Windows RDP,Windows Server 2019,46,High,Remote Access
80,tcp,http,nginx 1.24,Debian,38,Medium,Web
8080,tcp,http-proxy,Tomcat 10,Linux,3,Low,Web
80,tcp,http,Apache 2.4.49,Linux,43,High,Web
3389,tcp,rdp,Windows RDP,Debian,49,High,Remote Access
443,tcp,https,nginx 1.24,Ubuntu,47,Medium,Web
6379,tcp,redis,Redis 5,Linux,40,High,Database
23,tcp,telnet,Telnet,Windows Server 2022,5,High,Remote Access
445,tcp,microsoft-ds,SMBv1,Ubuntu,21,Critical,File Sharing
3389,tcp,rdp,Windows RDP,Ubuntu,41,High,Remote Access
443,tcp,https,Apache SSL,CentOS,29,Medium,Web
443,tcp,https,nginx 1.24,Windows Server 2022,11,Low,Web
5432,tcp,postgresql,PostgreSQL 14,Linux,38,Medium,Database
23,tcp,telnet,Telnet,Linux,9,Medium,Remote Access
445,tcp,microsoft-ds,SMBv3,Windows Server 2019,35,High,File Sharing
445,tcp,microsoft-ds,SMBv1,Windows Server 2022,47,Critical,File Sharing
443,tcp,https,nginx 1.24,Windows Server 2019,31,Low,Web
445,tcp,microsoft-ds,SMBv1,Linux,29,Critical,File Sharing
6379,tcp,redis,Redis 5,Windows Server 2019,6,Medium,Database
5432,tcp,postgresql,PostgreSQL 16,Linux,8,Medium,Database
443,tcp,https,nginx 1.24,Windows Server 2019,35,Low,Web
22,tcp,ssh,OpenSSH 5.3,Debian,17,High,Remote Access
445,tcp,microsoft-ds,SMBv1,Ubuntu,19,High,File Sharing
5432,tcp,postgresql,PostgreSQL 14,Windows Server 2019,40,Medium,Database
6379,tcp,redis,Redis 5,Windows Server 2019,45,High,Database
8080,tcp,http-proxy,Tomcat 10,Debian,42,Medium,Web
22,tcp,ssh,OpenSSH 9.0,CentOS,17,Low,Remote Access
445,tcp,microsoft-ds,SMBv1,Ubuntu,14,Critical,File Sharing
22,tcp,ssh,OpenSSH 5.3,CentOS,5,Medium,Remote Access
445,tcp,microsoft-ds,SMBv1,CentOS,39,Critical,File Sharing
5432,tcp,postgresql,PostgreSQL 16,Ubuntu,18,Low,Database
23,tcp,telnet,Telnet,CentOS,33,High,Remote Access
445,tcp,microsoft-ds,SMBv3,CentOS,20,High,File Sharing
22,tcp,ssh,OpenSSH 5.3,Linux,50,High,Remote Access
5432,tcp,postgresql,PostgreSQL 16,Windows Server 2022,44,Medium,Database
5432,tcp,postgresql,PostgreSQL 16,Linux,25,Medium,Database
80,tcp,http,Apache 2.4.54,Windows Server 2022,28,Low,Web
23,tcp,telnet,Telnet,Linux,40,Critical,Remote Access
445,tcp,microsoft-ds,SMBv1,Debian,28,Critical,File Sharing
443,tcp,https,nginx 1.24,Linux,38,Low,Web
443,tcp,https,Apache SSL,Windows Server 2022,49,Medium,Web
22,tcp,ssh,OpenSSH 5.3,Linux,5,Medium,Remote Access
80,tcp,http,Apache 2.4.54,Ubuntu,19,Low,Web
445,tcp,microsoft-ds,SMBv3,Windows Server 2019,42,Critical,File Sharing
3306,tcp,mysql,MySQL 5.7,Windows Server 2019,26,High,Database
23,tcp,telnet,Telnet,Linux,17,High,Remote Access
3389,tcp,rdp,Windows RDP,Ubuntu,29,High,Remote Access
445,tcp,microsoft-ds,SMBv3,Windows Server 2022,16,High,File Sharing
445,tcp,microsoft-ds,SMBv1,Linux,23,Critical,File Sharing
8080,tcp,http-proxy,Tomcat 10,Debian,6,Low,Web
80,tcp,http,nginx 1.24,Ubuntu,20,Low,Web
23,tcp,telnet,Telnet,Windows Server 2022,10,Medium,Remote Access
443,tcp,https,Apache SSL,Windows Server 2022,49,High,Web
23,tcp,telnet,Telnet,CentOS,3,Medium,Remote Access
3306,tcp,mysql,MySQL 8.0,Debian,6,Low,Database
3306,tcp,mysql,MySQL 8.0,CentOS,2,Medium,Database
6379,tcp,redis,Redis 7,Linux,15,Medium,Database
6379,tcp,redis,Redis 5,Windows Server 2022,28,Medium,Database
3306,tcp,mysql,MySQL 5.7,Windows Server 2019,49,High,Database
22,tcp,ssh,OpenSSH 9.0,Debian,49,Medium,Remote Access
22,tcp,ssh,OpenSSH 9.0,Windows Server 2022,40,Medium,Remote Access
6379,tcp,redis,Redis 5,Linux,36,Critical,Database
3306,tcp,mysql,MySQL 8.0,CentOS,37,High,Database
80,tcp,http,Apache 2.4.54,CentOS,48,Medium,Web
80,tcp,http,Apache 2.4.49,Debian,44,High,Web
23,tcp,telnet,Telnet,Windows Server 2019,19,High,Remote Access
8080,tcp,http-proxy,Tomcat 10,Linux,40,Medium,Web
445,tcp,microsoft-ds,SMBv3,Windows Server 2022,17,Medium,File Sharing
23,tcp,telnet,Telnet,Windows Server 2019,43,Critical,Remote Access
3306,tcp,mysql,MySQL 5.7,CentOS,30,Medium,Database
3389,tcp,rdp,Windows RDP,CentOS,3,Medium,Remote Access
3389,tcp,rdp,Windows RDP,CentOS,4,Low,Remote Access
3306,tcp,mysql,MySQL 8.0,Linux,29,Medium,Database
3306,tcp,mysql,MySQL 8.0,Debian,32,Medium,Database
443,tcp,https,nginx 1.24,Ubuntu,40,Low,Web
443,tcp,https,nginx 1.24,Windows Server 2022,3,Low,Web
5432,tcp,postgresql,PostgreSQL 16,Windows Server 2019,21,Low,Database
5432,tcp,postgresql,PostgreSQL 14,Linux,46,Medium,Database
3306,tcp,mysql,MySQL 5.7,Windows Server 2022,23,Medium,Database
8080,tcp,http-proxy,Tomcat 9,Debian,7,Low,Web
5432,tcp,postgresql,PostgreSQL 16,Linux,33,Low,Database
443,tcp,https,nginx 1.24,Debian,37,Medium,Web
6379,tcp,redis,Redis 5,Windows Server 2022,28,High,Database
80,tcp,http,Apache 2.4.49,Debian,39,High,Web
445,tcp,microsoft-ds,SMBv3,Windows Server 2022,24,Critical,File Sharing
3306,tcp,mysql,MySQL 5.7,Ubuntu,24,Medium,Database
3306,tcp,mysql,MySQL 5.7,Windows Server 2019,2,Low,Database
8080,tcp,http-proxy,Tomcat 9,Debian,33,Medium,Web
443,tcp,https,Apache SSL,Windows Server 2019,3,Low,Web
6379,tcp,redis,Redis 5,Linux,15,High,Database
5432,tcp,postgresql,PostgreSQL 14,Windows Server 2019,4,Low,Database
5432,tcp,postgresql,PostgreSQL 16,Debian,18,Low,Database
8080,tcp,http-proxy,Tomcat 10,Ubuntu,22,Medium,Web
445,tcp,microsoft-ds,SMBv1,CentOS,21,Critical,File Sharing
443,tcp,https,Apache SSL,Windows Server 2022,27,Medium,Web
23,tcp,telnet,Telnet,Windows Server 2019,33,High,Remote Access
445,tcp,microsoft-ds,SMBv3,Windows Server 2019,15,High,File Sharing
6379,tcp,redis,Redis 5,Windows Server 2019,9,Medium,Database
6379,tcp,redis,Redis 5,Windows Server 2019,17,Medium,Database
445,tcp,microsoft-ds,SMBv3,Linux,6,High,File Sharing
6379,tcp,redis,Redis 5,Windows Server 2019,32,High,Database
80,tcp,http,Apache 2.4.54,Linux,11,Low,Web
6379,tcp,redis,Redis 7,Windows Server 2019,46,Critical,Database
23,tcp,telnet,Telnet,Linux,28,High,Remote Access
80,tcp,http,Apache 2.4.49,Ubuntu,33,High,Web
6379,tcp,redis,Redis 7,Ubuntu,26,High,Database
3306,tcp,mysql,MySQL 5.7,Debian,22,Medium,Database
22,tcp,ssh,OpenSSH 5.3,Windows Server 2022,23,High,Remote Access
6379,tcp,redis,Redis 7,Windows Server 2022,28,High,Database
3389,tcp,rdp,Windows RDP,Windows Server 2022,12,Medium,Remote Access
80,tcp,http,Apache 2.4.49,Windows Server 2019,38,High,Web
3389,tcp,rdp,Windows RDP,Debian,29,High,Remote Access
5432,tcp,postgresql,PostgreSQL 16,Linux,15,Low,Database
3389,tcp,rdp,Windows RDP,Linux,37,Critical,Remote Access
3306,tcp,mysql,MySQL 8.0,CentOS,21,Medium,Database
80,tcp,http,Apache 2.4.49,Windows Server 2022,47,High,Web
6379,tcp,redis,Redis 7,Windows Server 2019,40,High,Database
23,tcp,telnet,Telnet,Debian,11,Medium,Remote Access
3306,tcp,mysql,MySQL 8.0,CentOS,29,Medium,Database
80,tcp,http,Apache 2.4.54,Debian,39,Low,Web
443,tcp,https,Apache SSL,Ubuntu,7,Low,Web
5432,tcp,postgresql,PostgreSQL 14,Linux,39,Medium,Database
5432,tcp,postgresql,PostgreSQL 14,Linux,32,Low,Database
445,tcp,microsoft-ds,SMBv1,Debian,37,Critical,File Sharing
3389,tcp,rdp,Windows RDP,CentOS,19,Medium,Remote Access
23,tcp,telnet,Telnet,CentOS,32,High,Remote Access
23,tcp,telnet,Telnet,Debian,47,High,Remote Access
445,tcp,microsoft-ds,SMBv1,Windows Server 2022,15,High,File Sharing
445,tcp,microsoft-ds,SMBv1,Windows Server 2019,22,Critical,File Sharing
3389,tcp,rdp,Windows RDP,Windows Server 2022,45,High,Remote Access
22,tcp,ssh,OpenSSH 9.0,Linux,46,Medium,Remote Access
443,tcp,https,nginx 1.24,Windows Server 2022,41,Low,Web
443,tcp,https,nginx 1.24,Windows Server 2019,25,Low,Web
443,tcp,https,Apache SSL,CentOS,10,Medium,Web
80,tcp,http,nginx 1.24,CentOS,19,Low,Web
443,tcp,https,nginx 1.24,Windows Server 2019,47,Medium,Web
22,tcp,ssh,OpenSSH 9.0,Linux,32,Low,Remote Access
80,tcp,http,Apache 2.4.49,CentOS,45,High,Web
8080,tcp,http-proxy,Tomcat 10,Windows Server 2022,38,Medium,Web
445,tcp,microsoft-ds,SMBv3,Windows Server 2019,43,Critical,File Sharing
3306,tcp,mysql,MySQL 5.7,Debian,43,Critical,Database
3389,tcp,rdp,Windows RDP,Windows Server 2019,23,High,Remote Access
3306,tcp,mysql,MySQL 5.7,Ubuntu,8,Medium,Database
6379,tcp,redis,Redis 7,Debian,16,High,Database
23,tcp,telnet,Telnet,CentOS,21,High,Remote Access
445,tcp,microsoft-ds,SMBv3,Windows Server 2022,9,High,File Sharing
3389,tcp,rdp,Windows RDP,Windows Server 2022,16,Medium,Remote Access
3306,tcp,mysql,MySQL 8.0,Windows Server 2019,14,Medium,Database
22,tcp,ssh,OpenSSH 9.0,Debian,44,Medium,Remote Access
6379,tcp,redis,Redis 7,CentOS,28,High,Database
3306,tcp,mysql,MySQL 5.7,Debian,32,High,Database
445,tcp,microsoft-ds,SMBv1,Debian,29,Critical,File Sharing
443,tcp,https,nginx 1.24,Windows Server 2019,14,Low,Web
8080,tcp,http-proxy,Tomcat 10,Ubuntu,39,Medium,Web
22,tcp,ssh,OpenSSH 9.0,Linux,50,Medium,Remote Access
445,tcp,microsoft-ds,SMBv1,Windows Server 2022,4,High,File Sharing
445,tcp,microsoft-ds,SMBv1,Ubuntu,35,Critical,File Sharing
443,tcp,https,Apache SSL,Ubuntu,24,Medium,Web
6379,tcp,redis,Redis 5,Windows Server 2019,47,High,Database
22,tcp,ssh,OpenSSH 5.3,Linux,49,High,Remote Access
5432,tcp,postgresql,PostgreSQL 16,CentOS,3,Low,Database
3306,tcp,mysql,MySQL 8.0,Linux,15,Medium,Database
22,tcp,ssh,OpenSSH 9.0,Windows Server 2022,8,Low,Remote Access
6379,tcp,redis,Redis 5,Windows Server 2022,18,Medium,Database
23,tcp,telnet,Telnet,Windows Server 2019,47,Critical,Remote Access
22,tcp,ssh,OpenSSH 5.3,Windows Server 2022,35,High,Remote Access
23,tcp,telnet,Telnet,Ubuntu,39,Critical,Remote Access
445,tcp,microsoft-ds,SMBv3,Windows Server 2019,48,High,File Sharing
3306,tcp,mysql,MySQL 8.0,CentOS,13,Low,Database
3306,tcp,mysql,MySQL 8.0,CentOS,19,Medium,Database
23,tcp,telnet,Telnet,CentOS,36,Critical,Remote Access
3389,tcp,rdp,Windows RDP,Windows Server 2022,35,High,Remote Access
6379,tcp,redis,Redis 5,CentOS,47,Critical,Database
445,tcp,microsoft-ds,SMBv1,CentOS,15,High,File Sharing
6379,tcp,redis,Redis 5,CentOS,24,High,Database
8080,tcp,http-proxy,Tomcat 9,Windows Server 2022,20,Low,Web
80,tcp,http,nginx 1.24,Linux,7,Low,Web
443,tcp,https,Apache SSL,Windows Server 2019,16,Low,Web
80,tcp,http,Apache 2.4.54,Windows Server 2019,31,Low,Web
22,tcp,ssh,OpenSSH 9.0,Debian,27,Low,Remote Access
445,tcp,microsoft-ds,SMBv1,Linux,21,Critical,File Sharing
22,tcp,ssh,OpenSSH 9.0,Windows Server 2022,14,Low,Remote Access
5432,tcp,postgresql,PostgreSQL 16,Debian,42,Medium,Database
445,tcp,microsoft-ds,SMBv3,Windows Server 2022,31,High,File Sharing
23,tcp,telnet,Telnet,Windows Server 2022,5,High,Remote Access
80,tcp,http,Apache 2.4.49,Ubuntu,34,Medium,Web
80,tcp,http,Apache 2.4.49,CentOS,8,Medium,Web
6379,tcp,redis,Redis 7,Ubuntu,41,Critical,Database
80,tcp,http,nginx 1.24,Windows Server 2019,27,Medium,Web
22,tcp,ssh,OpenSSH 9.0,Linux,28,Low,Remote Access
3306,tcp,mysql,MySQL 8.0,Windows Server 2019,24,Medium,Database
80,tcp,http,Apache 2.4.54,Windows Server 2019,44,Medium,Web
8080,tcp,http-proxy,Tomcat 10,Windows Server 2019,39,Medium,Web
3389,tcp,rdp,Windows RDP,Ubuntu,22,High,Remote Access
80,tcp,http,nginx 1.24,Windows Server 2022,31,Low,Web
445,tcp,microsoft-ds,SMBv3,Ubuntu,10,High,File Sharing
23,tcp,telnet,Telnet,Debian,45,Critical,Remote Access
443,tcp,https,nginx 1.24,Windows Server 2019,30,Low,Web
23,tcp,telnet,Telnet,Windows Server 2019,30,High,Remote Access
23,tcp,telnet,Telnet,Windows Server 2022,36,Critical,Remote Access
445,tcp,microsoft-ds,SMBv1,Ubuntu,18,Critical,File Sharing
6379,tcp,redis,Redis 7,Debian,40,Critical,Database
3306,tcp,mysql,MySQL 5.7,Linux,38,High,Database
23,tcp,telnet,Telnet,Debian,12,High,Remote Access
8080,tcp,http-proxy,Tomcat 9,Ubuntu,34,Medium,Web
445,tcp,microsoft-ds,SMBv3,Windows Server 2022,40,Critical,File Sharing
443,tcp,https,nginx 1.24,Linux,15,Low,Web
23,tcp,telnet,Telnet,Ubuntu,11,High,Remote Access
22,tcp,ssh,OpenSSH 9.0,Linux,4,Low,Remote Access
5432,tcp,postgresql,PostgreSQL 16,CentOS,43,High,Database
445,tcp,microsoft-ds,SMBv3,Windows Server 2019,49,High,File Sharing
443,tcp,https,Apache SSL,CentOS,50,High,Web
3389,tcp,rdp,Windows RDP,Debian,34,High,Remote Access
5432,tcp,postgresql,PostgreSQL 14,Windows Server 2019,14,Low,Database
3306,tcp,mysql,MySQL 5.7,CentOS,36,Critical,Database
3389,tcp,rdp,Windows RDP,Windows Server 2022,8,High,Remote Access
445,tcp,microsoft-ds,SMBv1,Linux,24,Critical,File Sharing
445,tcp,microsoft-ds,SMBv3,Ubuntu,40,Critical,File Sharing
6379,tcp,redis,Redis 7,Ubuntu,48,High,Database
443,tcp,https,Apache SSL,Debian,34,Medium,Web
22,tcp,ssh,OpenSSH 9.0,Debian,7,Low,Remote Access
3306,tcp,mysql,MySQL 5.7,Windows Server 2019,18,Medium,Database
3306,tcp,mysql,MySQL 8.0,CentOS,3,Low,Database
3306,tcp,mysql,MySQL 5.7,Windows Server 2019,2,Medium,Database
8080,tcp,http-proxy,Tomcat 10,CentOS,12,Medium,Web
5432,tcp,postgresql,PostgreSQL 14,Linux,24,Low,Database
8080,tcp,http-proxy,Tomcat 9,Windows Server 2022,48,Medium,Web
80,tcp,http,Apache 2.4.49,CentOS,8,Medium,Web
3389,tcp,rdp,Windows RDP,Debian,7,Medium,Remote Access
443,tcp,https,nginx 1.24,Debian,44,Medium,Web
80,tcp,http,nginx 1.24,Windows Server 2022,24,Low,Web
6379,tcp,redis,Redis 7,Windows Server 2022,43,High,Database
23,tcp,telnet,Telnet,Windows Server 2019,10,High,Remote Access
23,tcp,telnet,Telnet,CentOS,3,Medium,Remote Access
8080,tcp,http-proxy,Tomcat 9,Windows Server 2022,33,Medium,Web
80,tcp,http,nginx 1.24,Windows Server 2022,1,Low,Web
3306,tcp,mysql,MySQL 8.0,Linux,22,High,Database
8080,tcp,http-proxy,Tomcat 9,Windows Server 2019,30,Low,Web
23,tcp,telnet,Telnet,Ubuntu,47,High,Remote Access
80,tcp,http,Apache 2.4.54,Windows Server 2019,41,Low,Web
80,tcp,http,Apache 2.4.49,Ubuntu,41,High,Web
3389,tcp,rdp,Windows RDP,Windows Server 2022,16,Medium,Remote Access
443,tcp,https,nginx 1.24,Debian,4,Low,Web
3306,tcp,mysql,MySQL 5.7,Debian,9,Medium,Database
6379,tcp,redis,Redis 5,Ubuntu,18,Medium,Database
80,tcp,http,Apache 2.4.54,Debian,45,Medium,Web
3306,tcp,mysql,MySQL 5.7,CentOS,23,High,Database
445,tcp,microsoft-ds,SMBv3,Windows Server 2022,44,Critical,File Sharing
22,tcp,ssh,OpenSSH 9.0,Ubuntu,35,Low,Remote Access
6379,tcp,redis,Redis 7,Windows Server 2022,44,High,Database
443,tcp,https,Apache SSL,Windows Server 2022,33,Medium,Web
23,tcp,telnet,Telnet,Debian,14,High,Remote Access
3306,tcp,mysql,MySQL 5.7,Linux,34,High,Database
3389,tcp,rdp,Windows RDP,CentOS,38,High,Remote Access
445,tcp,microsoft-ds,SMBv3,Windows Server 2022,38,High,File Sharing
445,tcp,microsoft-ds,SMBv1,Windows Server 2022,23,Critical,File Sharing
80,tcp,http,Apache 2.4.54,CentOS,22,Low,Web
23,tcp,telnet,Telnet,Debian,20,High,Remote Access
3389,tcp,rdp,Windows RDP,Linux,29,High,Remote Access
8080,tcp,http-proxy,Tomcat 10,Windows Server 2022,26,Medium,Web
443,tcp,https,Apache SSL,Windows Server 2022,24,Medium,Web
3389,tcp,rdp,Windows RDP,Debian,3,Medium,Remote Access
5432,tcp,postgresql,PostgreSQL 14,CentOS,28,Medium,Database
8080,tcp,http-proxy,Tomcat 10,Windows Server 2019,2,Low,Web
5432,tcp,postgresql,PostgreSQL 14,Debian,39,Medium,Database
8080,tcp,http-proxy,Tomcat 9,Ubuntu,43,Medium,Web
22,tcp,ssh,OpenSSH 5.3,Debian,50,High,Remote Access
445,tcp,microsoft-ds,SMBv3,CentOS,11,High,File Sharing
22,tcp,ssh,OpenSSH 5.3,Ubuntu,12,Medium,Remote Access
3306,tcp,mysql,MySQL 5.7,Ubuntu,16,Medium,Database
6379,tcp,redis,Redis 5,Windows Server 2022,16,Medium,Database
5432,tcp,postgresql,PostgreSQL 16,Linux,31,Medium,Database
445,tcp,microsoft-ds,SMBv1,CentOS,36,Critical,File Sharing
443,tcp,https,Apache SSL,Windows Server 2022,25,Medium,Web
443,tcp,https,nginx 1.24,CentOS,9,Low,Web
80,tcp,http,Apache 2.4.54,Debian,19,Low,Web
8080,tcp,http-proxy,Tomcat 10,Windows Server 2019,5,Low,Web
3389,tcp,rdp,Windows RDP,Ubuntu,39,High,Remote Access
443,tcp,https,Apache SSL,Debian,22,Low,Web
8080,tcp,http-proxy,Tomcat 10,Linux,42,Medium,Web
80,tcp,http,Apache 2.4.54,Ubuntu,3,Low,Web
3306,tcp,mysql,MySQL 8.0,Linux,22,High,Database
80,tcp,http,Apache 2.4.54,Ubuntu,19,Low,Web
6379,tcp,redis,Redis 7,Linux,17,High,Database
80,tcp,http,Apache 2.4.49,CentOS,44,High,Web
3389,tcp,rdp,Windows RDP,Debian,44,High,Remote Access
6379,tcp,redis,Redis 5,Ubuntu,21,High,Database
8080,tcp,http-proxy,Tomcat 10,Windows Server 2022,30,Low,Web
3389,tcp,rdp,Windows RDP,CentOS,50,High,Remote Access
3306,tcp,mysql,MySQL 8.0,Debian,48,Medium,Database
8080,tcp,http-proxy,Tomcat 10,Windows Server 2019,24,Medium,Web
445,tcp,microsoft-ds,SMBv3,Linux,12,High,File Sharing
5432,tcp,postgresql,PostgreSQL 16,Windows Server 2022,6,Low,Database
22,tcp,ssh,OpenSSH 9.0,Windows Server 2022,38,Medium,Remote Access
443,tcp,https,Apache SSL,CentOS,4,Low,Web
3306,tcp,mysql,MySQL 5.7,Linux,32,High,Database
445,tcp,microsoft-ds,SMBv1,Windows Server 2019,44,Critical,File Sharing
3306,tcp,mysql,MySQL 8.0,Debian,44,High,Database
22,tcp,ssh,OpenSSH 9.0,Ubuntu,19,Low,Remote Access
6379,tcp,redis,Redis 5,CentOS,21,High,Database
22,tcp,ssh,OpenSSH 5.3,Debian,47,High,Remote Access
5432,tcp,postgresql,PostgreSQL 16,Ubuntu,12,Low,Database
5432,tcp,postgresql,PostgreSQL 14,Ubuntu,47,Medium,Database
3389,tcp,rdp,Windows RDP,Debian,23,High,Remote Access
8080,tcp,http-proxy,Tomcat 9,Windows Server 2022,34,Medium,Web
22,tcp,ssh,OpenSSH 5.3,Debian,24,Medium,Remote Access
80,tcp,http,nginx 1.24,Windows Server 2022,41,Low,Web
6379,tcp,redis,Redis 5,Debian,41,High,Database
6379,tcp,redis,Redis 7,Linux,12,Medium,Database
23,tcp,telnet,Telnet,Linux,13,High,Remote Access
3306,tcp,mysql,MySQL 5.7,Windows Server 2022,4,Medium,Database
8080,tcp,http-proxy,Tomcat 10,Ubuntu,49,High,Web
3306,tcp,mysql,MySQL 5.7,Debian,33,Medium,Database
8080,tcp,http-proxy,Tomcat 10,Ubuntu,44,Medium,Web
3306,tcp,mysql,MySQL 5.7,CentOS,14,Medium,Database
6379,tcp,redis,Redis 5,Debian,18,High,Database
8080,tcp,http-proxy,Tomcat 10,Linux,15,Low,Web
22,tcp,ssh,OpenSSH 9.0,Ubuntu,5,Low,Remote Access
8080,tcp,http-proxy,Tomcat 10,Windows Server 2019,27,Medium,Web
5432,tcp,postgresql,PostgreSQL 16,CentOS,36,Medium,Database
445,tcp,microsoft-ds,SMBv3,Debian,23,Critical,File Sharing
80,tcp,http,Apache 2.4.54,Windows Server 2022,32,Low,Web
5432,tcp,postgresql,PostgreSQL 14,Windows Server 2022,25,Medium,Database
6379,tcp,redis,Redis 5,Windows Server 2022,37,High,Database
3389,tcp,rdp,Windows RDP,Linux,14,Medium,Remote Access
3306,tcp,mysql,MySQL 8.0,Debian,29,High,Database
22,tcp,ssh,OpenSSH 5.3,Windows Server 2019,38,High,Remote Access
8080,tcp,http-proxy,Tomcat 10,Windows Server 2019,28,Medium,Web
22,tcp,ssh,OpenSSH 9.0,Windows Server 2019,48,Medium,Remote Access
443,tcp,https,Apache SSL,Windows Server 2019,9,Medium,Web
8080,tcp,http-proxy,Tomcat 9,Linux,26,Medium,Web
443,tcp,https,nginx 1.24,Windows Server 2019,19,Low,Web
80,tcp,http,nginx 1.24,CentOS,36,Medium,Web
445,tcp,microsoft-ds,SMBv1,CentOS,39,Critical,File Sharing
445,tcp,microsoft-ds,SMBv3,Windows Server 2022,7,High,File Sharing
5432,tcp,postgresql,PostgreSQL 16,Ubuntu,26,Medium,Database
3389,tcp,rdp,Windows RDP,CentOS,11,Medium,Remote Access
6379,tcp,redis,Redis 7,Linux,35,High,Database
3389,tcp,rdp,Windows RDP,Windows Server 2022,7,High,Remote Access
8080,tcp,http-proxy,Tomcat 10,CentOS,27,Medium,Web
22,tcp,ssh,OpenSSH 5.3,Ubuntu,40,High,Remote Access
8080,tcp,http-proxy,Tomcat 10,Linux,21,Medium,Web
80,tcp,http,nginx 1.24,Windows Server 2022,31,Low,Web
445,tcp,microsoft-ds,SMBv1,Windows Server 2022,39,Critical,File Sharing
5432,tcp,postgresql,PostgreSQL 14,Ubuntu,30,Medium,Database
443,tcp,https,nginx 1.24,CentOS,46,Medium,Web
445,tcp,microsoft-ds,SMBv1,Debian,5,High,File Sharing
443,tcp,https,Apache SSL,CentOS,16,Medium,Web
443,tcp,https,nginx 1.24,CentOS,33,Low,Web
8080,tcp,http-proxy,Tomcat 10,Ubuntu,16,Medium,Web
23,tcp,telnet,Telnet,Windows Server 2022,3,High,Remote Access
5432,tcp,postgresql,PostgreSQL 16,CentOS,5,Medium,Database
3306,tcp,mysql,MySQL 5.7,Windows Server 2022,50,High,Database
3389,tcp,rdp,Windows RDP,Windows Server 2022,4,Medium,Remote Access
6379,tcp,redis,Redis 5,Debian,26,High,Database
6379,tcp,redis,Redis 5,Linux,10,Medium,Database
8080,tcp,http-proxy,Tomcat 9,Windows Server 2022,11,Low,Web
6379,tcp,redis,Redis 7,Ubuntu,16,High,Database
443,tcp,https,Apache SSL,Linux,22,Low,Web
3389,tcp,rdp,Windows RDP,Ubuntu,49,High,Remote Access
445,tcp,microsoft-ds,SMBv3,Windows Server 2022,29,High,File Sharing
3389,tcp,rdp,Windows RDP,Windows Server 2019,18,Medium,Remote Access
80,tcp,http,Apache 2.4.49,Windows Server 2019,19,Medium,Web
443,tcp,https,Apache SSL,Windows Server 2019,24,Medium,Web
3306,tcp,mysql,MySQL 5.7,Windows Server 2019,41,High,Database
3389,tcp,rdp,Windows RDP,Windows Server 2022,19,Medium,Remote Access
80,tcp,http,Apache 2.4.49,Windows Server 2019,19,High,Web
3306,tcp,mysql,MySQL 5.7,Linux,14,Medium,Database
80,tcp,http,nginx 1.24,Linux,17,Low,Web
5432,tcp,postgresql,PostgreSQL 16,CentOS,40,Medium,Database
445,tcp,microsoft-ds,SMBv1,Windows Server 2019,33,Critical,File Sharing
5432,tcp,postgresql,PostgreSQL 16,CentOS,32,Medium,Database
5432,tcp,postgresql,PostgreSQL 16,Ubuntu,31,Medium,Database
22,tcp,ssh,OpenSSH 5.3,Debian,15,Medium,Remote Access
443,tcp,https,nginx 1.24,Ubuntu,18,Low,Web
443,tcp,https,Apache SSL,CentOS,30,Low,Web
5432,tcp,postgresql,PostgreSQL 14,Windows Server 2022,13,Low,Database
22,tcp,ssh,OpenSSH 9.0,Windows Server 2022,7,Low,Remote Access
5432,tcp,postgresql,PostgreSQL 14,Debian,36,Medium,Database
22,tcp,ssh,OpenSSH 9.0,Windows Server 2019,34,Low,Remote Access
443,tcp,https,Apache SSL,Windows Server 2022,12,Low,Web
443,tcp,https,Apache SSL,Ubuntu,3,Low,Web
5432,tcp,postgresql,PostgreSQL 16,Linux,48,Medium,Database
23,tcp,telnet,Telnet,Windows Server 2019,20,Medium,Remote Access
443,tcp,https,nginx 1.24,Ubuntu,38,Medium,Web
3389,tcp,rdp,Windows RDP,Windows Server 2019,4,Medium,Remote Access
23,tcp,telnet,Telnet,CentOS,8,High,Remote Access
23,tcp,telnet,Telnet,Ubuntu,7,High,Remote Access
8080,tcp,http-proxy,Tomcat 10,Debian,37,Medium,Web
8080,tcp,http-proxy,Tomcat 10,Linux,47,High,Web
443,tcp,https,Apache SSL,Linux,17,Medium,Web
8080,tcp,http-proxy,Tomcat 10,CentOS,41,Medium,Web
445,tcp,microsoft-ds,SMBv3,Windows Server 2019,19,High,File Sharing
3306,tcp,mysql,MySQL 5.7,Debian,18,Medium,Database
3389,tcp,rdp,Windows RDP,Ubuntu,32,Medium,Remote Access
445,tcp,microsoft-ds,SMBv3,CentOS,11,High,File Sharing
23,tcp,telnet,Telnet,Windows Server 2022,20,Medium,Remote Access
3389,tcp,rdp,Windows RDP,Windows Server 2022,44,High,Remote Access
443,tcp,https,nginx 1.24,Ubuntu,14,Low,Web
5432,tcp,postgresql,PostgreSQL 16,Debian,50,High,Database
23,tcp,telnet,Telnet,Windows Server 2019,14,High,Remote Access
445,tcp,microsoft-ds,SMBv1,Ubuntu,50,Critical,File Sharing
80,tcp,http,Apache 2.4.49,Windows Server 2019,43,High,Web
445,tcp,microsoft-ds,SMBv3,Windows Server 2022,39,Critical,File Sharing
3306,tcp,mysql,MySQL 5.7,Debian,31,High,Database
445,tcp,microsoft-ds,SMBv1,Debian,22,Critical,File Sharing
445,tcp,microsoft-ds,SMBv3,Debian,28,Critical,File Sharing
6379,tcp,redis,Redis 5,CentOS,4,Medium,Database
445,tcp,microsoft-ds,SMBv1,CentOS,50,Critical,File Sharing
22,tcp,ssh,OpenSSH 5.3,Ubuntu,43,High,Remote Access
3306,tcp,mysql,MySQL 8.0,Linux,21,High,Database
6379,tcp,redis,Redis 7,Windows Server 2019,36,High,Database
443,tcp,https,Apache SSL,Debian,7,Low,Web
443,tcp,https,nginx 1.24,Debian,47,Medium,Web
8080,tcp,http-proxy,Tomcat 10,Linux,50,High,Web
3389,tcp,rdp,Windows RDP,Debian,39,Critical,Remote Access
22,tcp,ssh,OpenSSH 5.3,Linux,41,High,Remote Access
3306,tcp,mysql,MySQL 8.0,CentOS,19,Low,Database
3389,tcp,rdp,Windows RDP,Windows Server 2022,5,Medium,Remote Access
6379,tcp,redis,Redis 5,Ubuntu,38,High,Database
8080,tcp,http-proxy,Tomcat 9,Windows Server 2019,6,Medium,Web
443,tcp,https,Apache SSL,Windows Server 2019,35,Medium,Web
5432,tcp,postgresql,PostgreSQL 16,Windows Server 2022,2,Low,Database
23,tcp,telnet,Telnet,Debian,50,Critical,Remote Access
443,tcp,https,nginx 1.24,Debian,30,Low,Web
3389,tcp,rdp,Windows RDP,Debian,13,Medium,Remote Access
3306,tcp,mysql,MySQL 5.7,Ubuntu,8,High,Database
6379,tcp,redis,Redis 7,CentOS,4,Low,Database
5432,tcp,postgresql,PostgreSQL 16,Linux,37,High,Database
22,tcp,ssh,OpenSSH 9.0,Windows Server 2019,32,Low,Remote Access
8080,tcp,http-proxy,Tomcat 10,Windows Server 2022,5,Low,Web
8080,tcp,http-proxy,Tomcat 9,Windows Server 2019,50,Medium,Web
5432,tcp,postgresql,PostgreSQL 14,Windows Server 2019,6,Medium,Database
8080,tcp,http-proxy,Tomcat 9,Linux,50,High,Web
3306,tcp,mysql,MySQL 8.0,CentOS,48,High,Database
445,tcp,microsoft-ds,SMBv1,Ubuntu,42,Critical,File Sharing
3389,tcp,rdp,Windows RDP,Linux,26,High,Remote Access
22,tcp,ssh,OpenSSH 9.0,Linux,1,Low,Remote Access
445,tcp,microsoft-ds,SMBv3,Ubuntu,17,High,File Sharing
8080,tcp,http-proxy,Tomcat 10,Windows Server 2019,30,Medium,Web
8080,tcp,http-proxy,Tomcat 10,Windows Server 2022,37,Medium,Web
443,tcp,https,nginx 1.24,Ubuntu,20,Low,Web
23,tcp,telnet,Telnet,Windows Server 2019,39,High,Remote Access
80,tcp,http,nginx 1.24,Debian,5,Low,Web
445,tcp,microsoft-ds,SMBv1,Windows Server 2022,14,Critical,File Sharing
3306,tcp,mysql,MySQL 5.7,CentOS,18,Medium,Database
443,tcp,https,Apache SSL,Linux,9,Medium,Web
23,tcp,telnet,Telnet,Linux,29,High,Remote Access
6379,tcp,redis,Redis 5,CentOS,29,High,Database
443,tcp,https,nginx 1.24,CentOS,38,Low,Web
23,tcp,telnet,Telnet,Windows Server 2019,38,High,Remote Access
80,tcp,http,Apache 2.4.49,Linux,32,High,Web
445,tcp,microsoft-ds,SMBv3,Ubuntu,14,Medium,File Sharing
5432,tcp,postgresql,PostgreSQL 16,CentOS,17,Low,Database
3389,tcp,rdp,Windows RDP,Linux,25,High,Remote Access
6379,tcp,redis,Redis 5,Debian,24,High,Database
23,tcp,telnet,Telnet,Windows Server 2022,20,High,Remote Access
23,tcp,telnet,Telnet,CentOS,2,Medium,Remote Access
445,tcp,microsoft-ds,SMBv1,Ubuntu,16,Critical,File Sharing
8080,tcp,http-proxy,Tomcat 9,Ubuntu,34,Medium,Web
80,tcp,http,nginx 1.24,CentOS,49,Low,Web
22,tcp,ssh,OpenSSH 5.3,Windows Server 2022,43,High,Remote Access
445,tcp,microsoft-ds,SMBv3,Ubuntu,27,High,File Sharing
80,tcp,http,nginx 1.24,Ubuntu,48,Medium,Web
445,tcp,microsoft-ds,SMBv1,Ubuntu,2,Critical,File Sharing
443,tcp,https,Apache SSL,CentOS,41,Medium,Web
3306,tcp,mysql,MySQL 8.0,Linux,2,Low,Database
22,tcp,ssh,OpenSSH 9.0,Linux,48,Medium,Remote Access
6379,tcp,redis,Redis 5,Windows Server 2019,25,High,Database
80,tcp,http,Apache 2.4.49,Linux,23,High,Web
23,tcp,telnet,Telnet,Linux,8,High,Remote Access
3389,tcp,rdp,Windows RDP,Windows Server 2019,29,High,Remote Access
8080,tcp,http-proxy,Tomcat 9,Debian,31,Medium,Web
3306,tcp,mysql,MySQL 5.7,Debian,43,High,Database
8080,tcp,http-proxy,Tomcat 9,CentOS,32,Medium,Web
80,tcp,http,Apache 2.4.49,Windows Server 2019,9,Medium,Web
443,tcp,https,nginx 1.24,Windows Server 2022,7,Low,Web
3306,tcp,mysql,MySQL 5.7,Ubuntu,15,Medium,Database
80,tcp,http,nginx 1.24,Windows Server 2022,20,Low,Web
3389,tcp,rdp,Windows RDP,Ubuntu,21,High,Remote Access
445,tcp,microsoft-ds,SMBv1,Windows Server 2019,48,Critical,File Sharing
6379,tcp,redis,Redis 5,Ubuntu,12,Medium,Database
80,tcp,http,nginx 1.24,Linux,16,Low,Web
6379,tcp,redis,Redis 7,Linux,37,Critical,Database
3389,tcp,rdp,Windows RDP,Ubuntu,41,Critical,Remote Access
3389,tcp,rdp,Windows RDP,CentOS,40,High,Remote Access
5432,tcp,postgresql,PostgreSQL 16,Linux,48,Medium,Database
5432,tcp,postgresql,PostgreSQL 16,Debian,12,Low,Database
445,tcp,microsoft-ds,SMBv3,Windows Server 2019,30,High,File Sharing
445,tcp,microsoft-ds,SMBv3,Linux,24,Critical,File Sharing
22,tcp,ssh,OpenSSH 5.3,Linux,15,High,Remote Access
23,tcp,telnet,Telnet,Windows Server 2019,46,Critical,Remote Access
80,tcp,http,Apache 2.4.54,Debian,29,Medium,Web
5432,tcp,postgresql,PostgreSQL 14,Windows Server 2019,12,Medium,Database
5432,tcp,postgresql,PostgreSQL 14,Ubuntu,44,Medium,Database
22,tcp,ssh,OpenSSH 5.3,Windows Server 2022,48,High,Remote Access
5432,tcp,postgresql,PostgreSQL 14,Windows Server 2019,34,Low,Database
5432,tcp,postgresql,PostgreSQL 16,Windows Server 2019,15,Low,Database
445,tcp,microsoft-ds,SMBv1,Linux,44,Critical,File Sharing
8080,tcp,http-proxy,Tomcat 9,Windows Server 2022,10,Medium,Web
443,tcp,https,Apache SSL,Linux,26,Medium,Web
6379,tcp,redis,Redis 7,CentOS,30,High,Database
80,tcp,http,nginx 1.24,Debian,1,Low,Web
3306,tcp,mysql,MySQL 8.0,Ubuntu,47,Medium,Database
22,tcp,ssh,OpenSSH 9.0,Ubuntu,10,Low,Remote Access
80,tcp,http,Apache 2.4.49,CentOS,11,High,Web
6379,tcp,redis,Redis 5,Ubuntu,23,Medium,Database
443,tcp,https,Apache SSL,Ubuntu,26,Low,Web
8080,tcp,http-proxy,Tomcat 9,Ubuntu,29,Medium,Web
3306,tcp,mysql,MySQL 8.0,Linux,41,Medium,Database
5432,tcp,postgresql,PostgreSQL 16,Windows Server 2019,7,Medium,Database
443,tcp,https,Apache SSL,Debian,8,Medium,Web
80,tcp,http,Apache 2.4.49,Windows Server 2022,22,High,Web
22,tcp,ssh,OpenSSH 9.0,Debian,8,Low,Remote Access
6379,tcp,redis,Redis 5,Windows Server 2022,45,Critical,Database
3306,tcp,mysql,MySQL 5.7,Windows Server 2019,7,Medium,Database
8080,tcp,http-proxy,Tomcat 10,Ubuntu,43,High,Web
6379,tcp,redis,Redis 7,Linux,41,High,Database
3306,tcp,mysql,MySQL 8.0,Debian,41,High,Database
6379,tcp,redis,Redis 7,Debian,6,Medium,Database
23,tcp,telnet,Telnet,Ubuntu,38,Critical,Remote Access
443,tcp,https,Apache SSL,Windows Server 2022,18,Low,Web
3389,tcp,rdp,Windows RDP,Windows Server 2019,34,High,Remote Access
22,tcp,ssh,OpenSSH 5.3,Windows Server 2019,42,High,Remote Access
8080,tcp,http-proxy,Tomcat 9,Linux,49,Medium,Web
445,tcp,microsoft-ds,SMBv3,CentOS,46,High,File Sharing
445,tcp,microsoft-ds,SMBv3,CentOS,37,High,File Sharing
6379,tcp,redis,Redis 7,Windows Server 2022,2,Medium,Database
8080,tcp,http-proxy,Tomcat 9,Linux,41,Medium,Web
23,tcp,telnet,Telnet,CentOS,2,High,Remote Access
3306,tcp,mysql,MySQL 8.0,Windows Server 2022,23,Medium,Database
443,tcp,https,Apache SSL,CentOS,4,Low,Web
3389,tcp,rdp,Windows RDP,Ubuntu,14,Medium,Remote Access
6379,tcp,redis,Redis 7,Ubuntu,32,Medium,Database
445,tcp,microsoft-ds,SMBv3,Windows Server 2019,35,High,File Sharing
445,tcp,microsoft-ds,SMBv3,Linux,47,High,File Sharing
6379,tcp,redis,Redis 7,Windows Server 2019,32,High,Database
6379,tcp,redis,Redis 5,Debian,46,Critical,Database
445,tcp,microsoft-ds,SMBv3,CentOS,24,High,File Sharing
80,tcp,http,Apache 2.4.54,Linux,8,Low,Web
8080,tcp,http-proxy,Tomcat 10,Windows Server 2019,45,Medium,Web
5432,tcp,postgresql,PostgreSQL 14,CentOS,40,Medium,Database
443,tcp,https,nginx 1.24,Linux,46,Medium,Web
3306,tcp,mysql,MySQL 5.7,Windows Server 2022,22,High,Database
6379,tcp,redis,Redis 5,CentOS,7,Medium,Database
8080,tcp,http-proxy,Tomcat 9,Debian,15,Medium,Web
22,tcp,ssh,OpenSSH 5.3,Windows Server 2019,10,Medium,Remote Access
22,tcp,ssh,OpenSSH 9.0,Ubuntu,45,Medium,Remote Access
443,tcp,https,nginx 1.24,CentOS,42,Medium,Web
80,tcp,http,Apache 2.4.49,Debian,16,Medium,Web
8080,tcp,http-proxy,Tomcat 10,CentOS,27,Medium,Web
6379,tcp,redis,Redis 5,Windows Server 2019,38,Critical,Database
8080,tcp,http-proxy,Tomcat 10,Windows Server 2022,17,Low,Web
3306,tcp,mysql,MySQL 8.0,Debian,24,Medium,Database
445,tcp,microsoft-ds,SMBv3,Linux,45,Critical,File Sharing
445,tcp,microsoft-ds,SMBv1,Windows Server 2019,38,Critical,File Sharing
23,tcp,telnet,Telnet,Windows Server 2019,21,High,Remote Access
8080,tcp,http-proxy,Tomcat 9,Windows Server 2022,23,Medium,Web
3389,tcp,rdp,Windows RDP,Windows Server 2019,4,Medium,Remote Access
8080,tcp,http-proxy,Tomcat 10,CentOS,38,High,Web
23,tcp,telnet,Telnet,Linux,36,Critical,Remote Access
5432,tcp,postgresql,PostgreSQL 14,Debian,31,Medium,Database
23,tcp,telnet,Telnet,Linux,47,Critical,Remote Access
8080,tcp,http-proxy,Tomcat 10,Windows Server 2022,2,Low,Web
6379,tcp,redis,Redis 5,CentOS,14,High,Database
3306,tcp,mysql,MySQL 8.0,Debian,15,Medium,Database
80,tcp,http,nginx 1.24,Windows Server 2022,38,Medium,Web
22,tcp,ssh,OpenSSH 5.3,Windows Server 2022,49,High,Remote Access
8080,tcp,http-proxy,Tomcat 9,Linux,40,Medium,Web
5432,tcp,postgresql,PostgreSQL 16,Windows Server 2022,11,Low,Database
443,tcp,https,nginx 1.24,Ubuntu,2,Low,Web
23,tcp,telnet,Telnet,Linux,7,High,Remote Access
8080,tcp,http-proxy,Tomcat 10,CentOS,25,Medium,Web
80,tcp,http,Apache 2.4.54,Ubuntu,7,Low,Web
445,tcp,microsoft-ds,SMBv1,Windows Server 2022,28,Critical,File Sharing
3389,tcp,rdp,Windows RDP,Ubuntu,17,High,Remote Access
443,tcp,https,nginx 1.24,Debian,42,Low,Web
445,tcp,microsoft-ds,SMBv3,Linux,34,High,File Sharing
22,tcp,ssh,OpenSSH 5.3,Windows Server 2019,4,Medium,Remote Access
23,tcp,telnet,Telnet,Linux,34,High,Remote Access
22,tcp,ssh,OpenSSH 9.0,CentOS,20,Low,Remote Access
8080,tcp,http-proxy,Tomcat 10,Linux,12,Low,Web
8080,tcp,http-proxy,Tomcat 10,Ubuntu,35,Medium,Web
445,tcp,microsoft-ds,SMBv1,Windows Server 2022,10,Critical,File Sharing
8080,tcp,http-proxy,Tomcat 9,CentOS,46,Medium,Web
5432,tcp,postgresql,PostgreSQL 14,CentOS,2,Low,Database
5432,tcp,postgresql,PostgreSQL 14,Debian,19,Low,Database
445,tcp,microsoft-ds,SMBv1,Windows Server 2019,34,Critical,File Sharing
23,tcp,telnet,Telnet,Ubuntu,39,Critical,Remote Access
8080,tcp,http-proxy,Tomcat 10,CentOS,43,High,Web
3389,tcp,rdp,Windows RDP,Windows Server 2022,36,High,Remote Access
445,tcp,microsoft-ds,SMBv1,Debian,10,Critical,File Sharing
3389,tcp,rdp,Windows RDP,CentOS,3,Medium,Remote Access
22,tcp,ssh,OpenSSH 9.0,Windows Server 2022,46,Low,Remote Access
5432,tcp,postgresql,PostgreSQL 14,Windows Server 2022,42,Medium,Database
5432,tcp,postgresql,PostgreSQL 16,Windows Server 2019,42,Medium,Database
3306,tcp,mysql,MySQL 8.0,Ubuntu,29,Medium,Database
3306,tcp,mysql,MySQL 8.0,CentOS,28,High,Database
23,tcp,telnet,Telnet,Linux,32,High,Remote Access
445,tcp,microsoft-ds,SMBv3,Windows Server 2019,25,High,File Sharing
3389,tcp,rdp,Windows RDP,Windows Server 2022,45,High,Remote Access
5432,tcp,postgresql,PostgreSQL 14,Ubuntu,6,Low,Database
8080,tcp,http-proxy,Tomcat 9,Windows Server 2022,21,Low,Web
5432,tcp,postgresql,PostgreSQL 14,Linux,20,Medium,Database
443,tcp,https,Apache SSL,Windows Server 2019,4,Low,Web
5432,tcp,postgresql,PostgreSQL 14,Windows Server 2019,24,Low,Database
443,tcp,https,nginx 1.24,CentOS,12,Low,Web
445,tcp,microsoft-ds,SMBv1,Windows Server 2022,14,Critical,File Sharing
443,tcp,https,nginx 1.24,Linux,25,Low,Web
23,tcp,telnet,Telnet,Linux,16,High,Remote Access
80,tcp,http,Apache 2.4.54,Ubuntu,24,Medium,Web
22,tcp,ssh,OpenSSH 5.3,Ubuntu,39,High,Remote Access
8080,tcp,http-proxy,Tomcat 10,CentOS,44,Medium,Web
443,tcp,https,Apache SSL,CentOS,45,Medium,Web
6379,tcp,redis,Redis 7,CentOS,18,Medium,Database
3389,tcp,rdp,Windows RDP,Windows Server 2019,1,Medium,Remote Access
22,tcp,ssh,OpenSSH 9.0,Ubuntu,43,Medium,Remote Access
23,tcp,telnet,Telnet,Linux,11,High,Remote Access
23,tcp,telnet,Telnet,Windows Server 2019,21,High,Remote Access
3306,tcp,mysql,MySQL 8.0,Debian,35,Medium,Database
3306,tcp,mysql,MySQL 8.0,Linux,49,Medium,Database
6379,tcp,redis,Redis 5,Linux,36,Critical,Database
443,tcp,https,nginx 1.24,Windows Server 2019,3,Low,Web
3389,tcp,rdp,Windows RDP,Linux,15,Medium,Remote Access
6379,tcp,redis,Redis 5,Linux,49,High,Database
443,tcp,https,Apache SSL,Windows Server 2019,24,Medium,Web
80,tcp,http,Apache 2.4.54,Windows Server 2019,50,Low,Web
5432,tcp,postgresql,PostgreSQL 14,Ubuntu,47,Medium,Database
22,tcp,ssh,OpenSSH 5.3,Ubuntu,22,High,Remote Access
80,tcp,http,Apache 2.4.54,CentOS,13,Low,Web
6379,tcp,redis,Redis 7,Ubuntu,19,Medium,Database
443,tcp,https,nginx 1.24,Windows Server 2022,13,Low,Web
3389,tcp,rdp,Windows RDP,CentOS,5,Medium,Remote Access
8080,tcp,http-proxy,Tomcat 10,Windows Server 2019,11,Low,Web
5432,tcp,postgresql,PostgreSQL 16,Linux,8,Low,Database
6379,tcp,redis,Redis 5,Windows Server 2019,47,High,Database
445,tcp,microsoft-ds,SMBv3,Linux,10,Medium,File Sharing
443,tcp,https,nginx 1.24,CentOS,1,Low,Web
6379,tcp,redis,Redis 5,Ubuntu,49,High,Database
8080,tcp,http-proxy,Tomcat 9,Linux,42,High,Web
8080,tcp,http-proxy,Tomcat 10,Debian,44,High,Web
3389,tcp,rdp,Windows RDP,Windows Server 2022,32,High,Remote Access
445,tcp,microsoft-ds,SMBv3,CentOS,10,High,File Sharing
5432,tcp,postgresql,PostgreSQL 16,Ubuntu,10,Low,Database
80,tcp,http,Apache 2.4.54,Debian,11,Low,Web
22,tcp,ssh,OpenSSH 9.0,Debian,10,Low,Remote Access
3389,tcp,rdp,Windows RDP,Windows Server 2022,35,High,Remote Access
6379,tcp,redis,Redis 5,Windows Server 2022,23,High,Database
6379,tcp,redis,Redis 7,CentOS,30,High,Database
3389,tcp,rdp,Windows RDP,CentOS,24,High,Remote Access
445,tcp,microsoft-ds,SMBv3,Ubuntu,47,Critical,File Sharing
443,tcp,https,nginx 1.24,Windows Server 2022,13,Low,Web
8080,tcp,http-proxy,Tomcat 10,CentOS,36,High,Web
445,tcp,microsoft-ds,SMBv3,Ubuntu,26,High,File Sharing
3389,tcp,rdp,Windows RDP,Windows Server 2019,42,Critical,Remote Access
3306,tcp,mysql,MySQL 8.0,Linux,13,Medium,Database
445,tcp,microsoft-ds,SMBv1,Windows Server 2022,25,Critical,File Sharing
80,tcp,http,Apache 2.4.54,Linux,45,Medium,Web
6379,tcp,redis,Redis 5,Debian,48,High,Database
6379,tcp,redis,Redis 5,Ubuntu,27,High,Database
3389,tcp,rdp,Windows RDP,Windows Server 2022,9,High,Remote Access
445,tcp,microsoft-ds,SMBv1,Windows Server 2022,7,High,File Sharing
23,tcp,telnet,Telnet,Linux,4,Medium,Remote Access
23,tcp,telnet,Telnet,Debian,13,High,Remote Access
443,tcp,https,Apache SSL,Linux,24,Medium,Web
8080,tcp,http-proxy,Tomcat 10,CentOS,22,Medium,Web
3306,tcp,mysql,MySQL 8.0,Linux,36,High,Database
80,tcp,http,Apache 2.4.49,CentOS,8,High,Web
80,tcp,http,nginx 1.24,Windows Server 2019,41,Medium,Web
3306,tcp,mysql,MySQL 5.7,Linux,43,High,Database
3389,tcp,rdp,Windows RDP,Linux,9,High,Remote Access
3389,tcp,rdp,Windows RDP,CentOS,11,Medium,Remote Access
8080,tcp,http-proxy,Tomcat 10,CentOS,38,Medium,Web
3389,tcp,rdp,Windows RDP,CentOS,43,High,Remote Access
445,tcp,microsoft-ds,SMBv1,Debian,5,Critical,File Sharing
80,tcp,http,nginx 1.24,Debian,44,Medium,Web
80,tcp,http,Apache 2.4.49,Windows Server 2022,13,Medium,Web
3306,tcp,mysql,MySQL 5.7,Debian,39,Critical,Database
22,tcp,ssh,OpenSSH 9.0,Ubuntu,24,Low,Remote Access
443,tcp,https,Apache SSL,Windows Server 2019,2,Low,Web
445,tcp,microsoft-ds,SMBv1,Linux,42,Critical,File Sharing
3306,tcp,mysql,MySQL 8.0,CentOS,28,Medium,Database
22,tcp,ssh,OpenSSH 9.0,Windows Server 2022,49,Medium,Remote Access
23,tcp,telnet,Telnet,Windows Server 2019,3,Medium,Remote Access
8080,tcp,http-proxy,Tomcat 9,Windows Server 2022,37,Medium,Web
3306,tcp,mysql,MySQL 8.0,Ubuntu,31,High,Database
6379,tcp,redis,Redis 5,Windows Server 2022,44,High,Database
6379,tcp,redis,Redis 7,Debian,33,High,Database
6379,tcp,redis,Redis 7,Ubuntu,23,High,Database
5432,tcp,postgresql,PostgreSQL 14,CentOS,19,Low,Database
23,tcp,telnet,Telnet,Windows Server 2022,6,High,Remote Access
5432,tcp,postgresql,PostgreSQL 14,Linux,9,Low,Database
443,tcp,https,nginx 1.24,Ubuntu,24,Low,Web
80,tcp,http,nginx 1.24,Ubuntu,50,Low,Web
23,tcp,telnet,Telnet,Windows Server 2022,1,Medium,Remote Access
8080,tcp,http-proxy,Tomcat 9,Ubuntu,38,High,Web
445,tcp,microsoft-ds,SMBv1,Windows Server 2019,8,High,File Sharing
80,tcp,http,Apache 2.4.49,Windows Server 2022,6,Medium,Web
23,tcp,telnet,Telnet,Linux,28,High,Remote Access
443,tcp,https,nginx 1.24,Windows Server 2022,6,Low,Web
445,tcp,microsoft-ds,SMBv1,CentOS,13,Critical,File Sharing
8080,tcp,http-proxy,Tomcat 9,CentOS,19,Low,Web
3389,tcp,rdp,Windows RDP,Windows Server 2019,1,Low,Remote Access
80,tcp,http,Apache 2.4.49,Debian,10,Medium,Web
23,tcp,telnet,Telnet,Ubuntu,12,High,Remote Access
443,tcp,https,nginx 1.24,CentOS,41,Medium,Web
8080,tcp,http-proxy,Tomcat 10,Windows Server 2019,41,Medium,Web
443,tcp,https,Apache SSL,Debian,23,Medium,Web
5432,tcp,postgresql,PostgreSQL 14,Windows Server 2022,44,Medium,Database
3306,tcp,mysql,MySQL 5.7,Linux,4,Low,Database
3389,tcp,rdp,Windows RDP,Windows Server 2022,4,Medium,Remote Access
23,tcp,telnet,Telnet,Linux,48,High,Remote Access
445,tcp,microsoft-ds,SMBv3,Windows Server 2022,44,High,File Sharing
8080,tcp,http-proxy,Tomcat 10,Windows Server 2022,21,Medium,Web
445,tcp,microsoft-ds,SMBv3,Debian,32,High,File Sharing
3389,tcp,rdp,Windows RDP,Windows Server 2019,48,High,Remote Access
443,tcp,https,nginx 1.24,Linux,45,Medium,Web
6379,tcp,redis,Redis 7,CentOS,21,High,Database
3389,tcp,rdp,Windows RDP,CentOS,10,Medium,Remote Access
6379,tcp,redis,Redis 7,Linux,9,Medium,Database
6379,tcp,redis,Redis 5,CentOS,24,Medium,Database
6379,tcp,redis,Redis 5,Ubuntu,38,High,Database
443,tcp,https,nginx 1.24,Linux,26,Medium,Web
80,tcp,http,Apache 2.4.54,Debian,13,Low,Web
3389,tcp,rdp,Windows RDP,Ubuntu,20,Medium,Remote Access
443,tcp,https,nginx 1.24,CentOS,39,Medium,Web
6379,tcp,redis,Redis 7,Ubuntu,32,Medium,Database
445,tcp,microsoft-ds,SMBv1,Linux,21,Critical,File Sharing
8080,tcp,http-proxy,Tomcat 10,Ubuntu,16,Medium,Web
443,tcp,https,Apache SSL,CentOS,1,Low,Web
80,tcp,http,Apache 2.4.54,Windows Server 2022,20,Low,Web
8080,tcp,http-proxy,Tomcat 9,Windows Server 2019,9,Low,Web
445,tcp,microsoft-ds,SMBv3,Windows Server 2022,9,High,File Sharing
8080,tcp,http-proxy,Tomcat 10,Linux,2,Low,Web
445,tcp,microsoft-ds,SMBv3,Ubuntu,14,High,File Sharing
443,tcp,https,Apache SSL,Windows Server 2022,31,Medium,Web
5432,tcp,postgresql,PostgreSQL 16,Windows Server 2019,22,Medium,Database
80,tcp,http,Apache 2.4.54,Windows Server 2022,37,Medium,Web
8080,tcp,http-proxy,Tomcat 9,Ubuntu,32,Medium,Web
22,tcp,ssh,OpenSSH 9.0,Windows Server 2019,7,Low,Remote Access
80,tcp,http,nginx 1.24,Debian,6,Low,Web
3389,tcp,rdp,Windows RDP,Linux,29,High,Remote Access
443,tcp,https,Apache SSL,Windows Server 2022,10,Low,Web
22,tcp,ssh,OpenSSH 9.0,Ubuntu,15,Low,Remote Access
445,tcp,microsoft-ds,SMBv3,Windows Server 2019,31,High,File Sharing
3306,tcp,mysql,MySQL 8.0,CentOS,21,Medium,Database
443,tcp,https,nginx 1.24,Debian,47,Low,Web
443,tcp,https,Apache SSL,Ubuntu,25,Medium,Web
22,tcp,ssh,OpenSSH 9.0,Debian,14,Low,Remote Access
3306,tcp,mysql,MySQL 5.7,Linux,42,Critical,Database
23,tcp,telnet,Telnet,CentOS,50,Critical,Remote Access
3389,tcp,rdp,Windows RDP,Windows Server 2019,11,High,Remote Access
445,tcp,microsoft-ds,SMBv1,Debian,30,Critical,File Sharing
443,tcp,https,Apache SSL,Debian,11,Low,Web
445,tcp,microsoft-ds,SMBv1,Linux,4,High,File Sharing
5432,tcp,postgresql,PostgreSQL 16,Debian,10,Low,Database
6379,tcp,redis,Redis 5,Windows Server 2022,28,High,Database
6379,tcp,redis,Redis 5,Debian,40,High,Database
3306,tcp,mysql,MySQL 8.0,Windows Server 2019,49,Medium,Database
5432,tcp,postgresql,PostgreSQL 14,Windows Server 2022,46,Medium,Database
3389,tcp,rdp,Windows RDP,Linux,9,Medium,Remote Access
23,tcp,telnet,Telnet,Windows Server 2022,16,Medium,Remote Access
445,tcp,microsoft-ds,SMBv3,Debian,6,High,File Sharing
445,tcp,microsoft-ds,SMBv1,CentOS,26,Critical,File Sharing
5432,tcp,postgresql,PostgreSQL 16,Windows Server 2022,26,Medium,Database
5432,tcp,postgresql,PostgreSQL 14,Ubuntu,29,Medium,Database
23,tcp,telnet,Telnet,Ubuntu,16,Medium,Remote Access
5432,tcp,postgresql,PostgreSQL 14,Linux,42,Medium,Database
3389,tcp,rdp,Windows RDP,Linux,15,Medium,Remote Access
80,tcp,http,Apache 2.4.49,Windows Server 2019,21,High,Web
6379,tcp,redis,Redis 7,Linux,33,High,Database
3389,tcp,rdp,Windows RDP,Windows Server 2022,46,Critical,Remote Access
5432,tcp,postgresql,PostgreSQL 14,Linux,13,Low,Database
443,tcp,https,nginx 1.24,Windows Server 2019,32,Low,Web
445,tcp,microsoft-ds,SMBv1,Windows Server 2019,24,Critical,File Sharing
6379,tcp,redis,Redis 5,Ubuntu,35,Medium,Database
8080,tcp,http-proxy,Tomcat 10,Debian,36,Medium,Web
5432,tcp,postgresql,PostgreSQL 16,Ubuntu,13,Low,Database
445,tcp,microsoft-ds,SMBv1,Debian,17,Critical,File Sharing
23,tcp,telnet,Telnet,CentOS,2,High,Remote Access
8080,tcp,http-proxy,Tomcat 10,Ubuntu,12,Low,Web
22,tcp,ssh,OpenSSH 9.0,Linux,48,Medium,Remote Access
443,tcp,https,Apache SSL,Windows Server 2022,44,Medium,Web
8080,tcp,http-proxy,Tomcat 10,Debian,30,Low,Web
443,tcp,https,Apache SSL,Ubuntu,33,Low,Web
3306,tcp,mysql,MySQL 5.7,Ubuntu,12,Medium,Database
443,tcp,https,Apache SSL,Windows Server 2022,25,Medium,Web
3389,tcp,rdp,Windows RDP,Windows Server 2019,49,High,Remote Access
3389,tcp,rdp,Windows RDP,Windows Server 2019,39,High,Remote Access
443,tcp,https,nginx 1.24,Windows Server 2019,7,Low,Web
22,tcp,ssh,OpenSSH 5.3,Linux,18,Medium,Remote Access
3306,tcp,mysql,MySQL 8.0,CentOS,47,High,Database
23,tcp,telnet,Telnet,Debian,14,High,Remote Access
6379,tcp,redis,Redis 7,Linux,18,High,Database
22,tcp,ssh,OpenSSH 9.0,Linux,8,Low,Remote Access
80,tcp,http,Apache 2.4.54,CentOS,14,Low,Web
22,tcp,ssh,OpenSSH 9.0,Ubuntu,1,Low,Remote Access
23,tcp,telnet,Telnet,CentOS,38,Critical,Remote Access
3306,tcp,mysql,MySQL 5.7,Windows Server 2022,37,Critical,Database
23,tcp,telnet,Telnet,Ubuntu,5,High,Remote Access
6379,tcp,redis,Redis 5,Linux,32,High,Database
3389,tcp,rdp,Windows RDP,Ubuntu,1,Low,Remote Access
23,tcp,telnet,Telnet,Windows Server 2022,19,High,Remote Access
443,tcp,https,Apache SSL,Linux,43,Medium,Web
443,tcp,https,nginx 1.24,Windows Server 2022,29,Low,Web
22,tcp,ssh,OpenSSH 9.0,Windows Server 2019,45,Medium,Remote Access
443,tcp,https,nginx 1.24,Debian,24,Low,Web
8080,tcp,http-proxy,Tomcat 10,CentOS,31,Medium,Web
445,tcp,microsoft-ds,SMBv3,Windows Server 2022,36,Critical,File Sharing
445,tcp,microsoft-ds,SMBv3,CentOS,12,High,File Sharing
445,tcp,microsoft-ds,SMBv3,Debian,50,Critical,File Sharing
80,tcp,http,nginx 1.24,CentOS,44,Medium,Web
445,tcp,microsoft-ds,SMBv3,Linux,39,Critical,File Sharing
80,tcp,http,Apache 2.4.54,Debian,42,Medium,Web
3389,tcp,rdp,Windows RDP,Linux,22,High,Remote Access
8080,tcp,http-proxy,Tomcat 10,Windows Server 2019,41,Medium,Web
8080,tcp,http-proxy,Tomcat 9,Ubuntu,45,High,Web
23,tcp,telnet,Telnet,Linux,33,High,Remote Access
5432,tcp,postgresql,PostgreSQL 14,Windows Server 2019,1,Low,Database
5432,tcp,postgresql,PostgreSQL 14,Windows Server 2022,15,Low,Database
3389,tcp,rdp,Windows RDP,Debian,47,High,Remote Access
5432,tcp,postgresql,PostgreSQL 16,Windows Server 2019,43,High,Database
443,tcp,https,Apache SSL,Windows Server 2022,27,Low,Web
443,tcp,https,Apache SSL,Ubuntu,45,Medium,Web
22,tcp,ssh,OpenSSH 5.3,CentOS,10,Medium,Remote Access
3306,tcp,mysql,MySQL 5.7,CentOS,20,Medium,Database
5432,tcp,postgresql,PostgreSQL 14,Ubuntu,2,Low,Database
22,tcp,ssh,OpenSSH 9.0,Linux,14,Low,Remote Access
23,tcp,telnet,Telnet,Debian,29,High,Remote Access
6379,tcp,redis,Redis 7,Windows Server 2022,26,Medium,Database
8080,tcp,http-proxy,Tomcat 10,Debian,25,Medium,Web
443,tcp,https,Apache SSL,CentOS,40,High,Web
8080,tcp,http-proxy,Tomcat 9,Windows Server 2022,32,Low,Web
3389,tcp,rdp,Windows RDP,Debian,2,Medium,Remote Access
3389,tcp,rdp,Windows RDP,Windows Server 2019,50,High,Remote Access
6379,tcp,redis,Redis 7,Windows Server 2022,32,Medium,Database
6379,tcp,redis,Redis 5,CentOS,49,High,Database
3389,tcp,rdp,Windows RDP,Windows Server 2019,6,Medium,Remote Access
443,tcp,https,nginx 1.24,CentOS,25,Low,Web
443,tcp,https,Apache SSL,Linux,21,Medium,Web
5432,tcp,postgresql,PostgreSQL 16,Ubuntu,40,High,Database
23,tcp,telnet,Telnet,Windows Server 2022,9,Medium,Remote Access
5432,tcp,postgresql,PostgreSQL 16,Linux,33,Medium,Database
3389,tcp,rdp,Windows RDP,Windows Server 2022,37,Critical,Remote Access
5432,tcp,postgresql,PostgreSQL 14,Debian,38,Medium,Database
5432,tcp,postgresql,PostgreSQL 16,Ubuntu,29,Medium,Database
80,tcp,http,Apache 2.4.49,Debian,39,High,Web
6379,tcp,redis,Redis 5,Windows Server 2022,10,Medium,Database
443,tcp,https,Apache SSL,CentOS,16,Low,Web
6379,tcp,redis,Redis 5,CentOS,3,Medium,Database
80,tcp,http,Apache 2.4.49,Debian,44,Critical,Web
443,tcp,https,Apache SSL,Windows Server 2022,8,Low,Web
80,tcp,http,Apache 2.4.49,Ubuntu,48,High,Web
3389,tcp,rdp,Windows RDP,Debian,45,Critical,Remote Access
22,tcp,ssh,OpenSSH 9.0,Windows Server 2022,35,Low,Remote Access
6379,tcp,redis,Redis 7,Linux,18,High,Database
5432,tcp,postgresql,PostgreSQL 16,Linux,5,Low,Database
3306,tcp,mysql,MySQL 8.0,CentOS,26,Medium,Database
80,tcp,http,Apache 2.4.49,Linux,11,Medium,Web
8080,tcp,http-proxy,Tomcat 9,Windows Server 2022,13,Medium,Web
5432,tcp,postgresql,PostgreSQL 16,Windows Server 2019,17,Medium,Database
23,tcp,telnet,Telnet,Windows Server 2019,27,High,Remote Access
5432,tcp,postgresql,PostgreSQL 14,Ubuntu,13,Low,Database
3306,tcp,mysql,MySQL 5.7,Windows Server 2022,45,Critical,Database
22,tcp,ssh,OpenSSH 9.0,Linux,33,Low,Remote Access
23,tcp,telnet,Telnet,Windows Server 2019,34,High,Remote Access
3306,tcp,mysql,MySQL 5.7,Debian,16,High,Database
443,tcp,https,nginx 1.24,Windows Server 2022,31,Medium,Web
3389,tcp,rdp,Windows RDP,Linux,12,High,Remote Access
5432,tcp,postgresql,PostgreSQL 14,Ubuntu,43,Medium,Database
5432,tcp,postgresql,PostgreSQL 14,Linux,31,Low,Database
8080,tcp,http-proxy,Tomcat 9,Ubuntu,41,High,Web
445,tcp,microsoft-ds,SMBv1,Debian,27,Critical,File Sharing
6379,tcp,redis,Redis 5,Debian,50,Critical,Database
22,tcp,ssh,OpenSSH 5.3,Windows Server 2022,47,High,Remote Access
6379,tcp,redis,Redis 7,Windows Server 2019,15,Medium,Database
3389,tcp,rdp,Windows RDP,Windows Server 2022,49,High,Remote Access
443,tcp,https,Apache SSL,CentOS,50,Medium,Web
6379,tcp,redis,Redis 5,CentOS,5,Medium,Database
80,tcp,http,nginx 1.24,Linux,24,Low,Web
6379,tcp,redis,Redis 7,CentOS,42,High,Database
3306,tcp,mysql,MySQL 8.0,Debian,31,High,Database
6379,tcp,redis,Redis 5,CentOS,22,Medium,Database
3389,tcp,rdp,Windows RDP,Windows Server 2019,34,Medium,Remote Access
3306,tcp,mysql,MySQL 8.0,Debian,19,Medium,Database
445,tcp,microsoft-ds,SMBv3,Ubuntu,37,Critical,File Sharing
445,tcp,microsoft-ds,SMBv3,Ubuntu,22,Critical,File Sharing
3306,tcp,mysql,MySQL 8.0,Windows Server 2019,28,Medium,Database
8080,tcp,http-proxy,Tomcat 9,Windows Server 2022,19,Low,Web
445,tcp,microsoft-ds,SMBv3,Ubuntu,30,High,File Sharing
23,tcp,telnet,Telnet,Windows Server 2022,16,High,Remote Access
8080,tcp,http-proxy,Tomcat 10,Ubuntu,42,High,Web
445,tcp,microsoft-ds,SMBv1,CentOS,31,Critical,File Sharing
8080,tcp,http-proxy,Tomcat 10,Windows Server 2019,22,Medium,Web
3306,tcp,mysql,MySQL 5.7,Debian,8,High,Database
5432,tcp,postgresql,PostgreSQL 16,Linux,5,Low,Database
3306,tcp,mysql,MySQL 8.0,CentOS,36,High,Database
5432,tcp,postgresql,PostgreSQL 16,Ubuntu,18,Low,Database
6379,tcp,redis,Redis 7,Windows Server 2019,7,High,Database
6379,tcp,redis,Redis 7,Debian,8,Medium,Database
80,tcp,http,Apache 2.4.49,Debian,49,High,Web
22,tcp,ssh,OpenSSH 5.3,Debian,7,Medium,Remote Access
80,tcp,http,Apache 2.4.49,Windows Server 2022,44,Critical,Web
443,tcp,https,nginx 1.24,Windows Server 2022,37,Low,Web
22,tcp,ssh,OpenSSH 5.3,Debian,40,High,Remote Access
3306,tcp,mysql,MySQL 8.0,Ubuntu,15,Medium,Database
8080,tcp,http-proxy,Tomcat 10,Windows Server 2019,23,Medium,Web
80,tcp,http,Apache 2.4.49,Windows Server 2019,38,High,Web
443,tcp,https,nginx 1.24,CentOS,14,Low,Web
80,tcp,http,Apache 2.4.49,Windows Server 2019,48,High,Web
3389,tcp,rdp,Windows RDP,Linux,16,High,Remote Access
443,tcp,https,nginx 1.24,CentOS,40,Medium,Web
80,tcp,http,Apache 2.4.49,Debian,7,Medium,Web
443,tcp,https,Apache SSL,CentOS,38,High,Web
3389,tcp,rdp,Windows RDP,Ubuntu,7,Medium,Remote Access
6379,tcp,redis,Redis 7,CentOS,10,High,Database
8080,tcp,http-proxy,Tomcat 10,Linux,35,Medium,Web
443,tcp,https,Apache SSL,CentOS,34,Medium,Web
445,tcp,microsoft-ds,SMBv1,CentOS,33,Critical,File Sharing
3389,tcp,rdp,Windows RDP,Debian,10,Medium,Remote Access
8080,tcp,http-proxy,Tomcat 10,Ubuntu,26,Medium,Web
443,tcp,https,Apache SSL,Debian,26,Medium,Web
443,tcp,https,Apache SSL,Ubuntu,25,Medium,Web
22,tcp,ssh,OpenSSH 5.3,Windows Server 2022,45,High,Remote Access
3389,tcp,rdp,Windows RDP,CentOS,37,High,Remote Access
445,tcp,microsoft-ds,SMBv3,Linux,32,Critical,File Sharing
3389,tcp,rdp,Windows RDP,Linux,28,High,Remote Access
445,tcp,microsoft-ds,SMBv1,Debian,24,Critical,File Sharing
3389,tcp,rdp,Windows RDP,Ubuntu,15,Medium,Remote Access
22,tcp,ssh,OpenSSH 9.0,Debian,4,Low,Remote Access
23,tcp,telnet,Telnet,Linux,40,High,Remote Access
3306,tcp,mysql,MySQL 5.7,Windows Server 2019,17,High,Database
80,tcp,http,Apache 2.4.54,Ubuntu,28,Low,Web
80,tcp,http,Apache 2.4.49,CentOS,20,Medium,Web
5432,tcp,postgresql,PostgreSQL 14,Ubuntu,6,Low,Database
8080,tcp,http-proxy,Tomcat 9,Debian,36,High,Web
6379,tcp,redis,Redis 5,Ubuntu,2,Medium,Database
8080,tcp,http-proxy,Tomcat 9,Linux,50,Medium,Web
3306,tcp,mysql,MySQL 5.7,Windows Server 2019,8,High,Database
5432,tcp,postgresql,PostgreSQL 16,Windows Server 2022,12,Low,Database
5432,tcp,postgresql,PostgreSQL 14,Ubuntu,1,Low,Database
80,tcp,http,Apache 2.4.54,Windows Server 2019,2,Low,Web
6379,tcp,redis,Redis 5,Ubuntu,4,Medium,Database
80,tcp,http,Apache 2.4.49,Ubuntu,39,High,Web
8080,tcp,http-proxy,Tomcat 10,CentOS,16,Medium,Web
80,tcp,http,nginx 1.24,Linux,46,Medium,Web
80,tcp,http,nginx 1.24,Windows Server 2019,49,Low,Web
23,tcp,telnet,Telnet,Ubuntu,1,Medium,Remote Access
3389,tcp,rdp,Windows RDP,Windows Server 2022,49,Critical,Remote Access
5432,tcp,postgresql,PostgreSQL 16,Windows Server 2019,30,Medium,Database
8080,tcp,http-proxy,Tomcat 10,Debian,34,Medium,Web
80,tcp,http,nginx 1.24,CentOS,9,Low,Web
443,tcp,https,nginx 1.24,Windows Server 2019,24,Low,Web
23,tcp,telnet,Telnet,CentOS,25,High,Remote Access
445,tcp,microsoft-ds,SMBv1,Debian,32,Critical,File Sharing
22,tcp,ssh,OpenSSH 5.3,CentOS,50,High,Remote Access
3389,tcp,rdp,Windows RDP,Windows Server 2022,20,High,Remote Access
443,tcp,https,nginx 1.24,Linux,15,Low,Web
3306,tcp,mysql,MySQL 8.0,CentOS,30,High,Database
445,tcp,microsoft-ds,SMBv1,CentOS,9,Critical,File Sharing
22,tcp,ssh,OpenSSH 5.3,Ubuntu,41,High,Remote Access
3306,tcp,mysql,MySQL 8.0,Linux,23,High,Database
6379,tcp,redis,Redis 7,Linux,39,High,Database
445,tcp,microsoft-ds,SMBv3,Linux,31,High,File Sharing
445,tcp,microsoft-ds,SMBv3,Ubuntu,20,High,File Sharing
22,tcp,ssh,OpenSSH 5.3,Ubuntu,48,High,Remote Access
22,tcp,ssh,OpenSSH 5.3,Windows Server 2019,14,Medium,Remote Access
22,tcp,ssh,OpenSSH 9.0,CentOS,22,Medium,Remote Access
445,tcp,microsoft-ds,SMBv3,Debian,24,High,File Sharing
5432,tcp,postgresql,PostgreSQL 14,CentOS,49,High,Database
6379,tcp,redis,Redis 5,Windows Server 2022,50,High,Database
80,tcp,http,Apache 2.4.54,Debian,43,Medium,Web
3306,tcp,mysql,MySQL 5.7,Ubuntu,49,High,Database
23,tcp,telnet,Telnet,Debian,26,High,Remote Access
22,tcp,ssh,OpenSSH 5.3,Debian,1,Medium,Remote Access
443,tcp,https,Apache SSL,Windows Server 2019,13,Medium,Web
80,tcp,http,Apache 2.4.54,Windows Server 2019,37,Medium,Web
443,tcp,https,nginx 1.24,Linux,11,Low,Web
3306,tcp,mysql,MySQL 8.0,Linux,15,Medium,Database
80,tcp,http,nginx 1.24,CentOS,8,Low,Web
3389,tcp,rdp,Windows RDP,Windows Server 2019,47,High,Remote Access
3389,tcp,rdp,Windows RDP,Windows Server 2019,36,High,Remote Access
445,tcp,microsoft-ds,SMBv1,Windows Server 2022,44,Critical,File Sharing
8080,tcp,http-proxy,Tomcat 9,Ubuntu,2,Low,Web
3389,tcp,rdp,Windows RDP,Debian,33,High,Remote Access
3389,tcp,rdp,Windows RDP,Linux,38,High,Remote Access
3306,tcp,mysql,MySQL 5.7,Ubuntu,36,High,Database
443,tcp,https,nginx 1.24,CentOS,10,Low,Web
5432,tcp,postgresql,PostgreSQL 16,CentOS,48,High,Database
6379,tcp,redis,Redis 7,Debian,6,Medium,Database
80,tcp,http,nginx 1.24,CentOS,43,Low,Web
445,tcp,microsoft-ds,SMBv1,CentOS,26,Critical,File Sharing
80,tcp,http,Apache 2.4.54,CentOS,2,Low,Web
445,tcp,microsoft-ds,SMBv1,Debian,16,Critical,File Sharing
3389,tcp,rdp,Windows RDP,Windows Server 2019,14,High,Remote Access
6379,tcp,redis,Redis 5,Debian,16,Medium,Database
445,tcp,microsoft-ds,SMBv1,Windows Server 2019,21,Critical,File Sharing
23,tcp,telnet,Telnet,Linux,6,Medium,Remote Access
80,tcp,http,nginx 1.24,CentOS,32,Low,Web
80,tcp,http,Apache 2.4.49,Linux,31,High,Web
22,tcp,ssh,OpenSSH 5.3,Debian,24,High,Remote Access
8080,tcp,http-proxy,Tomcat 9,Linux,11,Low,Web
445,tcp,microsoft-ds,SMBv1,Linux,38,Critical,File Sharing
22,tcp,ssh,OpenSSH 5.3,Ubuntu,11,High,Remote Access
3389,tcp,rdp,Windows RDP,Debian,38,High,Remote Access
8080,tcp,http-proxy,Tomcat 9,Windows Server 2019,19,Low,Web
23,tcp,telnet,Telnet,Windows Server 2019,17,High,Remote Access
5432,tcp,postgresql,PostgreSQL 14,CentOS,39,Medium,Database
3306,tcp,mysql,MySQL 5.7,CentOS,22,High,Database
3389,tcp,rdp,Windows RDP,Debian,33,High,Remote Access
3306,tcp,mysql,MySQL 8.0,CentOS,16,Medium,Database
445,tcp,microsoft-ds,SMBv1,Ubuntu,30,Critical,File Sharing
80,tcp,http,Apache 2.4.49,Linux,4,Low,Web
80,tcp,http,Apache 2.4.49,CentOS,9,Medium,Web
23,tcp,telnet,Telnet,Debian,45,Critical,Remote Access
8080,tcp,http-proxy,Tomcat 9,Windows Server 2022,31,Medium,Web
6379,tcp,redis,Redis 5,Windows Server 2022,43,High,Database
443,tcp,https,Apache SSL,Windows Server 2022,3,Low,Web
80,tcp,http,Apache 2.4.54,Ubuntu,23,Low,Web
22,tcp,ssh,OpenSSH 5.3,Debian,25,High,Remote Access
3389,tcp,rdp,Windows RDP,Windows Server 2022,26,High,Remote Access
3389,tcp,rdp,Windows RDP,Debian,48,Critical,Remote Access
445,tcp,microsoft-ds,SMBv1,Linux,11,Critical,File Sharing
6379,tcp,redis,Redis 5,CentOS,22,High,Database
22,tcp,ssh,OpenSSH 5.3,Ubuntu,33,High,Remote Access
3306,tcp,mysql,MySQL 5.7,Windows Server 2022,12,High,Database
22,tcp,ssh,OpenSSH 5.3,Windows Server 2022,24,High,Remote Access
8080,tcp,http-proxy,Tomcat 10,Debian,1,Low,Web
3389,tcp,rdp,Windows RDP,Ubuntu,10,Medium,Remote Access
5432,tcp,postgresql,PostgreSQL 16,Windows Server 2019,26,Medium,Database
6379,tcp,redis,Redis 5,CentOS,47,High,Database
5432,tcp,postgresql,PostgreSQL 16,Linux,19,Low,Database
22,tcp,ssh,OpenSSH 9.0,Windows Server 2019,41,Low,Remote Access
3389,tcp,rdp,Windows RDP,CentOS,39,High,Remote Access
445,tcp,microsoft-ds,SMBv1,CentOS,17,Critical,File Sharing
22,tcp,ssh,OpenSSH 5.3,Windows Server 2022,38,High,Remote Access
6379,tcp,redis,Redis 7,Linux,34,High,Database
22,tcp,ssh,OpenSSH 5.3,CentOS,16,High,Remote Access
22,tcp,ssh,OpenSSH 9.0,Linux,5,Low,Remote Access
5432,tcp,postgresql,PostgreSQL 16,Linux,33,Medium,Database
8080,tcp,http-proxy,Tomcat 9,CentOS,38,Medium,Web
5432,tcp,postgresql,PostgreSQL 16,Linux,16,Medium,Database
5432,tcp,postgresql,PostgreSQL 16,Ubuntu,35,Medium,Database
22,tcp,ssh,OpenSSH 9.0,Linux,22,Low,Remote Access
3389,tcp,rdp,Windows RDP,Linux,9,Medium,Remote Access
80,tcp,http,nginx 1.24,Debian,43,Medium,Web
6379,tcp,redis,Redis 5,CentOS,14,Medium,Database
445,tcp,microsoft-ds,SMBv1,Debian,20,High,File Sharing
23,tcp,telnet,Telnet,Linux,1,Medium,Remote Access
23,tcp,telnet,Telnet,Ubuntu,8,High,Remote Access
445,tcp,microsoft-ds,SMBv1,Windows Server 2019,50,Critical,File Sharing
5432,tcp,postgresql,PostgreSQL 14,CentOS,43,Medium,Database
23,tcp,telnet,Telnet,Linux,23,High,Remote Access
6379,tcp,redis,Redis 5,Windows Server 2019,17,Medium,Database
8080,tcp,http-proxy,Tomcat 9,Linux,11,Low,Web
445,tcp,microsoft-ds,SMBv1,Windows Server 2019,45,Critical,File Sharing
3389,tcp,rdp,Windows RDP,Linux,22,High,Remote Access
6379,tcp,redis,Redis 5,Windows Server 2019,50,Critical,Database
443,tcp,https,nginx 1.24,Ubuntu,40,Medium,Web
8080,tcp,http-proxy,Tomcat 9,Windows Server 2022,15,Medium,Web
5432,tcp,postgresql,PostgreSQL 16,CentOS,21,Medium,Database
443,tcp,https,nginx 1.24,Linux,29,Low,Web
22,tcp,ssh,OpenSSH 9.0,Linux,43,Medium,Remote Access
445,tcp,microsoft-ds,SMBv3,Windows Server 2022,1,Medium,File Sharing
3389,tcp,rdp,Windows RDP,Ubuntu,7,Medium,Remote Access
8080,tcp,http-proxy,Tomcat 9,CentOS,32,Medium,Web
23,tcp,telnet,Telnet,Windows Server 2022,21,High,Remote Access
3306,tcp,mysql,MySQL 8.0,Debian,3,Low,Database
22,tcp,ssh,OpenSSH 9.0,Windows Server 2022,9,Low,Remote Access
6379,tcp,redis,Redis 5,Debian,22,High,Database
23,tcp,telnet,Telnet,Linux,32,High,Remote Access
3306,tcp,mysql,MySQL 8.0,Linux,2,Low,Database
445,tcp,microsoft-ds,SMBv1,Windows Server 2022,6,Critical,File Sharing
5432,tcp,postgresql,PostgreSQL 14,Debian,8,Low,Database
3306,tcp,mysql,MySQL 8.0,Debian,8,Medium,Database
8080,tcp,http-proxy,Tomcat 9,Windows Server 2019,6,Low,Web
22,tcp,ssh,OpenSSH 9.0,Debian,49,Low,Remote Access
5432,tcp,postgresql,PostgreSQL 16,Windows Server 2019,43,Medium,Database
23,tcp,telnet,Telnet,Linux,20,High,Remote Access
23,tcp,telnet,Telnet,Debian,48,High,Remote Access
80,tcp,http,Apache 2.4.49,Linux,38,High,Web
23,tcp,telnet,Telnet,Linux,31,High,Remote Access
6379,tcp,redis,Redis 5,Debian,11,Medium,Database
23,tcp,telnet,Telnet,Ubuntu,12,Medium,Remote Access
22,tcp,ssh,OpenSSH 9.0,Ubuntu,47,Medium,Remote Access
80,tcp,http,nginx 1.24,Windows Server 2022,33,Low,Web
6379,tcp,redis,Redis 5,Windows Server 2022,34,High,Database
8080,tcp,http-proxy,Tomcat 9,CentOS,36,Medium,Web
22,tcp,ssh,OpenSSH 9.0,Ubuntu,40,Medium,Remote Access
443,tcp,https,Apache SSL,Debian,9,Medium,Web
8080,tcp,http-proxy,Tomcat 10,Windows Server 2019,19,Low,Web
443,tcp,https,nginx 1.24,Windows Server 2022,27,Low,Web
8080,tcp,http-proxy,Tomcat 10,Linux,8,Medium,Web
8080,tcp,http-proxy,Tomcat 9,Windows Server 2022,17,Low,Web
8080,tcp,http-proxy,Tomcat 9,Windows Server 2022,38,Medium,Web
443,tcp,https,nginx 1.24,Windows Server 2022,3,Low,Web
443,tcp,https,nginx 1.24,Windows Server 2022,5,Low,Web
80,tcp,http,Apache 2.4.49,Debian,8,Medium,Web
443,tcp,https,nginx 1.24,Windows Server 2022,1,Low,Web
23,tcp,telnet,Telnet,Ubuntu,29,High,Remote Access
80,tcp,http,nginx 1.24,Windows Server 2022,8,Low,Web
445,tcp,microsoft-ds,SMBv3,CentOS,43,Critical,File Sharing
3389,tcp,rdp,Windows RDP,Windows Server 2022,10,Medium,Remote Access
6379,tcp,redis,Redis 7,Ubuntu,43,High,Database
3389,tcp,rdp,Windows RDP,Debian,28,Medium,Remote Access
3306,tcp,mysql,MySQL 5.7,CentOS,30,High,Database
22,tcp,ssh,OpenSSH 5.3,Windows Server 2022,30,High,Remote Access
443,tcp,https,Apache SSL,Linux,19,Low,Web
3306,tcp,mysql,MySQL 8.0,Ubuntu,28,Medium,Database
3389,tcp,rdp,Windows RDP,Windows Server 2019,30,High,Remote Access
3306,tcp,mysql,MySQL 5.7,CentOS,13,Medium,Database
3389,tcp,rdp,Windows RDP,Debian,11,High,Remote Access
443,tcp,https,Apache SSL,Ubuntu,2,Low,Web
3389,tcp,rdp,Windows RDP,Ubuntu,36,High,Remote Access
23,tcp,telnet,Telnet,Windows Server 2022,24,High,Remote Access
23,tcp,telnet,Telnet,Windows Server 2022,34,High,Remote Access
6379,tcp,redis,Redis 5,Linux,37,High,Database
443,tcp,https,Apache SSL,Debian,16,Low,Web
3389,tcp,rdp,Windows RDP,Ubuntu,2,Medium,Remote Access
5432,tcp,postgresql,PostgreSQL 16,Windows Server 2019,22,Low,Database
3389,tcp,rdp,Windows RDP,Ubuntu,7,Medium,Remote Access
6379,tcp,redis,Redis 7,Windows Server 2022,18,Medium,Database
6379,tcp,redis,Redis 7,Linux,25,High,Database
8080,tcp,http-proxy,Tomcat 9,Ubuntu,21,Low,Web
445,tcp,microsoft-ds,SMBv3,CentOS,49,Critical,File Sharing
5432,tcp,postgresql,PostgreSQL 16,CentOS,15,Medium,Database
5432,tcp,postgresql,PostgreSQL 14,Windows Server 2022,5,Low,Database
8080,tcp,http-proxy,Tomcat 9,Ubuntu,27,Low,Web
443,tcp,https,Apache SSL,CentOS,35,Low,Web
23,tcp,telnet,Telnet,Windows Server 2022,9,High,Remote Access
443,tcp,https,nginx 1.24,Debian,7,Low,Web
3306,tcp,mysql,MySQL 5.7,Windows Server 2019,27,Medium,Database
3306,tcp,mysql,MySQL 8.0,Ubuntu,6,Medium,Database
443,tcp,https,nginx 1.24,Linux,17,Low,Web
22,tcp,ssh,OpenSSH 9.0,Windows Server 2022,18,Low,Remote Access
22,tcp,ssh,OpenSSH 9.0,Ubuntu,27,Low,Remote Access
23,tcp,telnet,Telnet,Windows Server 2019,38,Critical,Remote Access
8080,tcp,http-proxy,Tomcat 10,Linux,28,Medium,Web
445,tcp,microsoft-ds,SMBv3,Windows Server 2019,45,Critical,File Sharing
22,tcp,ssh,OpenSSH 5.3,Windows Server 2022,37,High,Remote Access
3306,tcp,mysql,MySQL 5.7,Ubuntu,11,Medium,Database
22,tcp,ssh,OpenSSH 5.3,Ubuntu,14,Medium,Remote Access
80,tcp,http,Apache 2.4.54,CentOS,4,Low,Web
443,tcp,https,nginx 1.24,Linux,8,Low,Web
445,tcp,microsoft-ds,SMBv3,Windows Server 2022,28,High,File Sharing
23,tcp,telnet,Telnet,CentOS,25,High,Remote Access
80,tcp,http,Apache 2.4.54,Linux,35,Low,Web
6379,tcp,redis,Redis 5,Linux,49,High,Database
443,tcp,https,nginx 1.24,Ubuntu,27,Low,Web
6379,tcp,redis,Redis 5,Windows Server 2022,11,Medium,Database
5432,tcp,postgresql,PostgreSQL 16,CentOS,11,Low,Database
3389,tcp,rdp,Windows RDP,Ubuntu,40,Critical,Remote Access
3306,tcp,mysql,MySQL 8.0,Debian,39,High,Database
22,tcp,ssh,OpenSSH 5.3,CentOS,19,High,Remote Access
5432,tcp,postgresql,PostgreSQL 16,Linux,38,Medium,Database
80,tcp,http,Apache 2.4.49,Ubuntu,48,High,Web
5432,tcp,postgresql,PostgreSQL 16,CentOS,42,Medium,Database
22,tcp,ssh,OpenSSH 5.3,Windows Server 2019,15,Medium,Remote Access
443,tcp,https,nginx 1.24,Windows Server 2019,39,Low,Web
443,tcp,https,nginx 1.24,Debian,34,Low,Web
3306,tcp,mysql,MySQL 8.0,Debian,36,High,Database
80,tcp,http,Apache 2.4.49,CentOS,32,High,Web
80,tcp,http,Apache 2.4.49,Windows Server 2022,41,High,Web
5432,tcp,postgresql,PostgreSQL 14,Windows Server 2019,29,Low,Database
6379,tcp,redis,Redis 5,Windows Server 2022,49,High,Database
3389,tcp,rdp,Windows RDP,Windows Server 2022,18,Medium,Remote Access
22,tcp,ssh,OpenSSH 5.3,Linux,50,High,Remote Access
22,tcp,ssh,OpenSSH 5.3,Linux,21,High,Remote Access
8080,tcp,http-proxy,Tomcat 9,Linux,45,Medium,Web
3389,tcp,rdp,Windows RDP,CentOS,35,High,Remote Access
22,tcp,ssh,OpenSSH 5.3,Windows Server 2022,10,Medium,Remote Access
445,tcp,microsoft-ds,SMBv3,Windows Server 2022,8,High,File Sharing
3306,tcp,mysql,MySQL 8.0,Ubuntu,6,Medium,Database
8080,tcp,http-proxy,Tomcat 10,Debian,32,Low,Web
80,tcp,http,Apache 2.4.49,Debian,33,Medium,Web
445,tcp,microsoft-ds,SMBv3,CentOS,3,High,File Sharing
3389,tcp,rdp,Windows RDP,Linux,39,High,Remote Access
22,tcp,ssh,OpenSSH 9.0,Ubuntu,25,Low,Remote Access
445,tcp,microsoft-ds,SMBv1,Debian,47,Critical,File Sharing
5432,tcp,postgresql,PostgreSQL 14,CentOS,25,Low,Database
443,tcp,https,Apache SSL,Ubuntu,18,Low,Web
445,tcp,microsoft-ds,SMBv3,Windows Server 2022,4,Medium,File Sharing
3306,tcp,mysql,MySQL 5.7,Windows Server 2019,25,Medium,Database
5432,tcp,postgresql,PostgreSQL 14,Windows Server 2022,31,Low,Database
6379,tcp,redis,Redis 5,Ubuntu,27,High,Database
8080,tcp,http-proxy,Tomcat 10,Linux,50,Medium,Web
80,tcp,http,Apache 2.4.49,Linux,18,Medium,Web
23,tcp,telnet,Telnet,Debian,34,High,Remote Access
5432,tcp,postgresql,PostgreSQL 14,Debian,41,Medium,Database
80,tcp,http,nginx 1.24,CentOS,32,Low,Web
5432,tcp,postgresql,PostgreSQL 14,CentOS,46,Medium,Database
5432,tcp,postgresql,PostgreSQL 14,CentOS,18,Low,Database
80,tcp,http,nginx 1.24,Linux,10,Low,Web
8080,tcp,http-proxy,Tomcat 10,Windows Server 2022,11,Low,Web
6379,tcp,redis,Redis 7,Ubuntu,2,Medium,Database
6379,tcp,redis,Redis 5,Debian,47,Critical,Database
443,tcp,https,nginx 1.24,Debian,50,Medium,Web
23,tcp,telnet,Telnet,Linux,25,High,Remote Access
6379,tcp,redis,Redis 5,Debian,49,High,Database
3306,tcp,mysql,MySQL 5.7,Ubuntu,26,High,Database
445,tcp,microsoft-ds,SMBv3,Windows Server 2019,44,Critical,File Sharing
3306,tcp,mysql,MySQL 5.7,Windows Server 2022,2,Low,Database
3389,tcp,rdp,Windows RDP,Debian,27,High,Remote Access
3306,tcp,mysql,MySQL 5.7,Ubuntu,47,High,Database
445,tcp,microsoft-ds,SMBv1,Windows Server 2019,45,Critical,File Sharing
3306,tcp,mysql,MySQL 8.0,Windows Server 2022,9,Medium,Database
8080,tcp,http-proxy,Tomcat 9,Windows Server 2022,45,Medium,Web
22,tcp,ssh,OpenSSH 9.0,Windows Server 2022,41,Low,Remote Access
3306,tcp,mysql,MySQL 5.7,Ubuntu,14,Medium,Database
445,tcp,microsoft-ds,SMBv1,Windows Server 2019,17,Critical,File Sharing
23,tcp,telnet,Telnet,Windows Server 2022,15,High,Remote Access
23,tcp,telnet,Telnet,Linux,46,Critical,Remote Access
5432,tcp,postgresql,PostgreSQL 16,Windows Server 2022,8,Low,Database
8080,tcp,http-proxy,Tomcat 9,Ubuntu,38,Medium,Web
443,tcp,https,Apache SSL,Ubuntu,9,Medium,Web
445,tcp,microsoft-ds,SMBv1,Linux,27,Critical,File Sharing
23,tcp,telnet,Telnet,Windows Server 2019,49,Critical,Remote Access
445,tcp,microsoft-ds,SMBv3,Linux,30,Critical,File Sharing
5432,tcp,postgresql,PostgreSQL 14,Linux,12,Low,Database
22,tcp,ssh,OpenSSH 5.3,Windows Server 2019,7,Medium,Remote Access
6379,tcp,redis,Redis 5,Windows Server 2019,9,Medium,Database
443,tcp,https,Apache SSL,Debian,31,Medium,Web
3306,tcp,mysql,MySQL 8.0,Windows Server 2019,8,Medium,Database
22,tcp,ssh,OpenSSH 5.3,CentOS,24,High,Remote Access
80,tcp,http,Apache 2.4.49,Linux,20,Medium,Web
23,tcp,telnet,Telnet,Linux,35,High,Remote Access
443,tcp,https,nginx 1.24,CentOS,34,Medium,Web
445,tcp,microsoft-ds,SMBv1,Windows Server 2019,9,Critical,File Sharing
443,tcp,https,nginx 1.24,Windows Server 2022,11,Low,Web
8080,tcp,http-proxy,Tomcat 9,Linux,16,Medium,Web
3306,tcp,mysql,MySQL 8.0,Debian,27,Medium,Database
23,tcp,telnet,Telnet,Linux,45,Critical,Remote Access
80,tcp,http,nginx 1.24,Windows Server 2019,27,Low,Web
445,tcp,microsoft-ds,SMBv1,Debian,16,Critical,File Sharing
6379,tcp,redis,Redis 7,CentOS,48,High,Database
5432,tcp,postgresql,PostgreSQL 14,Linux,48,Medium,Database
6379,tcp,redis,Redis 5,Linux,13,Medium,Database
5432,tcp,postgresql,PostgreSQL 14,Debian,25,Medium,Database
8080,tcp,http-proxy,Tomcat 9,Linux,25,Medium,Web
3389,tcp,rdp,Windows RDP,Debian,48,High,Remote Access
23,tcp,telnet,Telnet,Ubuntu,17,High,Remote Access
445,tcp,microsoft-ds,SMBv1,CentOS,33,Critical,File Sharing
6379,tcp,redis,Redis 5,CentOS,41,Critical,Database
6379,tcp,redis,Redis 5,Windows Server 2019,14,Medium,Database
3306,tcp,mysql,MySQL 5.7,Linux,16,Medium,Database
5432,tcp,postgresql,PostgreSQL 14,Windows Server 2019,29,Medium,Database
445,tcp,microsoft-ds,SMBv3,Ubuntu,31,High,File Sharing
6379,tcp,redis,Redis 5,Ubuntu,15,Medium,Database
8080,tcp,http-proxy,Tomcat 9,Linux,7,Low,Web
3389,tcp,rdp,Windows RDP,Windows Server 2019,4,Medium,Remote Access
8080,tcp,http-proxy,Tomcat 9,Debian,19,Low,Web
22,tcp,ssh,OpenSSH 9.0,Debian,38,Medium,Remote Access
6379,tcp,redis,Redis 7,Windows Server 2019,37,Critical,Database
3306,tcp,mysql,MySQL 8.0,Linux,34,Medium,Database
80,tcp,http,nginx 1.24,Debian,38,Medium,Web
8080,tcp,http-proxy,Tomcat 9,Ubuntu,22,Low,Web
3306,tcp,mysql,MySQL 5.7,Windows Server 2019,20,Medium,Database
80,tcp,http,Apache 2.4.49,Linux,12,Medium,Web
3306,tcp,mysql,MySQL 5.7,CentOS,26,Medium,Database
6379,tcp,redis,Redis 5,Windows Server 2019,31,High,Database
6379,tcp,redis,Redis 5,CentOS,49,Critical,Database
22,tcp,ssh,OpenSSH 9.0,Ubuntu,48,Medium,Remote Access
3306,tcp,mysql,MySQL 5.7,Windows Server 2019,39,High,Database
445,tcp,microsoft-ds,SMBv3,Windows Server 2022,16,High,File Sharing
5432,tcp,postgresql,PostgreSQL 14,Debian,1,Low,Database
6379,tcp,redis,Redis 5,Ubuntu,45,Critical,Database
445,tcp,microsoft-ds,SMBv1,Windows Server 2019,10,Critical,File Sharing
8080,tcp,http-proxy,Tomcat 10,Windows Server 2019,44,Medium,Web
6379,tcp,redis,Redis 7,Linux,36,Critical,Database
8080,tcp,http-proxy,Tomcat 10,Debian,27,Low,Web
443,tcp,https,nginx 1.24,Windows Server 2019,31,Medium,Web
23,tcp,telnet,Telnet,Ubuntu,34,High,Remote Access
8080,tcp,http-proxy,Tomcat 10,Linux,17,Low,Web
3306,tcp,mysql,MySQL 8.0,Windows Server 2019,10,Medium,Database
8080,tcp,http-proxy,Tomcat 10,Windows Server 2019,18,Low,Web
22,tcp,ssh,OpenSSH 5.3,CentOS,49,High,Remote Access
22,tcp,ssh,OpenSSH 5.3,Windows Server 2022,33,High,Remote Access
8080,tcp,http-proxy,Tomcat 10,CentOS,5,Low,Web
23,tcp,telnet,Telnet,Windows Server 2019,13,Medium,Remote Access
23,tcp,telnet,Telnet,Windows Server 2019,22,High,Remote Access
22,tcp,ssh,OpenSSH 5.3,CentOS,34,Medium,Remote Access
8080,tcp,http-proxy,Tomcat 10,Linux,19,Low,Web
445,tcp,microsoft-ds,SMBv1,CentOS,27,Critical,File Sharing
5432,tcp,postgresql,PostgreSQL 14,Windows Server 2019,29,Medium,Database
80,tcp,http,Apache 2.4.49,Windows Server 2022,24,High,Web
3306,tcp,mysql,MySQL 8.0,Linux,32,High,Database
3389,tcp,rdp,Windows RDP,CentOS,11,Medium,Remote Access
3389,tcp,rdp,Windows RDP,Windows Server 2022,26,High,Remote Access
80,tcp,http,nginx 1.24,Ubuntu,23,Low,Web
5432,tcp,postgresql,PostgreSQL 14,Windows Server 2022,32,Medium,Database
6379,tcp,redis,Redis 5,Ubuntu,37,High,Database
3306,tcp,mysql,MySQL 5.7,CentOS,34,High,Database
23,tcp,telnet,Telnet,Ubuntu,13,High,Remote Access
443,tcp,https,nginx 1.24,Ubuntu,21,Low,Web
80,tcp,http,Apache 2.4.49,Debian,26,Medium,Web
3389,tcp,rdp,Windows RDP,CentOS,1,Medium,Remote Access
80,tcp,http,nginx 1.24,Linux,6,Low,Web
22,tcp,ssh,OpenSSH 9.0,Linux,15,Low,Remote Access
443,tcp,https,Apache SSL,Ubuntu,30,Medium,Web
5432,tcp,postgresql,PostgreSQL 16,CentOS,8,Low,Database
443,tcp,https,Apache SSL,Linux,43,Medium,Web
3306,tcp,mysql,MySQL 8.0,Windows Server 2019,4,Low,Database
8080,tcp,http-proxy,Tomcat 10,Linux,10,Medium,Web
3306,tcp,mysql,MySQL 5.7,Linux,28,High,Database
3306,tcp,mysql,MySQL 5.7,Ubuntu,29,High,Database
3306,tcp,mysql,MySQL 5.7,CentOS,31,Medium,Database
80,tcp,http,Apache 2.4.54,Windows Server 2022,32,Low,Web
80,tcp,http,Apache 2.4.49,Linux,11,Medium,Web
3389,tcp,rdp,Windows RDP,Linux,41,High,Remote Access
3306,tcp,mysql,MySQL 8.0,Ubuntu,37,High,Database
3389,tcp,rdp,Windows RDP,Ubuntu,49,Critical,Remote Access
443,tcp,https,nginx 1.24,Linux,33,Low,Web
5432,tcp,postgresql,PostgreSQL 16,CentOS,2,Low,Database
443,tcp,https,Apache SSL,Windows Server 2022,2,Low,Web
8080,tcp,http-proxy,Tomcat 10,CentOS,44,Medium,Web
3389,tcp,rdp,Windows RDP,Windows Server 2022,4,Medium,Remote Access
3389,tcp,rdp,Windows RDP,CentOS,34,High,Remote Access
22,tcp,ssh,OpenSSH 9.0,Linux,25,Low,Remote Access
23,tcp,telnet,Telnet,Ubuntu,15,High,Remote Access
445,tcp,microsoft-ds,SMBv1,Linux,26,Critical,File Sharing
22,tcp,ssh,OpenSSH 9.0,Windows Server 2019,29,Low,Remote Access
3306,tcp,mysql,MySQL 8.0,Windows Server 2019,10,Low,Database
5432,tcp,postgresql,PostgreSQL 14,Linux,37,Medium,Database
445,tcp,microsoft-ds,SMBv3,CentOS,49,High,File Sharing
5432,tcp,postgresql,PostgreSQL 16,Ubuntu,28,Medium,Database
5432,tcp,postgresql,PostgreSQL 14,Ubuntu,9,Low,Database
445,tcp,microsoft-ds,SMBv1,Windows Server 2019,45,Critical,File Sharing
5432,tcp,postgresql,PostgreSQL 16,Windows Server 2022,39,Medium,Database
5432,tcp,postgresql,PostgreSQL 16,Windows Server 2022,9,Low,Database
8080,tcp,http-proxy,Tomcat 10,Windows Server 2022,40,Medium,Web
23,tcp,telnet,Telnet,Debian,29,Critical,Remote Access
22,tcp,ssh,OpenSSH 9.0,Linux,23,Low,Remote Access
443,tcp,https,Apache SSL,CentOS,25,Medium,Web
443,tcp,https,nginx 1.24,Linux,40,Medium,Web
3306,tcp,mysql,MySQL 8.0,Linux,40,Medium,Database
3389,tcp,rdp,Windows RDP,Windows Server 2019,35,High,Remote Access
6379,tcp,redis,Redis 5,Windows Server 2019,37,Critical,Database
5432,tcp,postgresql,PostgreSQL 16,Windows Server 2022,10,Low,Database
445,tcp,microsoft-ds,SMBv1,CentOS,48,Critical,File Sharing
5432,tcp,postgresql,PostgreSQL 16,Windows Server 2022,34,Low,Database
6379,tcp,redis,Redis 5,Windows Server 2022,41,High,Database
445,tcp,microsoft-ds,SMBv1,Windows Server 2022,18,High,File Sharing
445,tcp,microsoft-ds,SMBv3,CentOS,47,Critical,File Sharing
3389,tcp,rdp,Windows RDP,Linux,44,High,Remote Access
80,tcp,http,Apache 2.4.54,Windows Server 2019,12,Low,Web
445,tcp,microsoft-ds,SMBv3,Debian,12,High,File Sharing
3389,tcp,rdp,Windows RDP,Ubuntu,9,Medium,Remote Access
8080,tcp,http-proxy,Tomcat 10,Ubuntu,41,Medium,Web
80,tcp,http,nginx 1.24,Windows Server 2019,48,Medium,Web
6379,tcp,redis,Redis 5,Ubuntu,35,Medium,Database
445,tcp,microsoft-ds,SMBv3,Ubuntu,17,Medium,File Sharing
445,tcp,microsoft-ds,SMBv1,Windows Server 2019,49,Critical,File Sharing
3389,tcp,rdp,Windows RDP,Debian,25,High,Remote Access
8080,tcp,http-proxy,Tomcat 9,CentOS,38,Medium,Web
443,tcp,https,Apache SSL,Windows Server 2019,39,Medium,Web
23,tcp,telnet,Telnet,Windows Server 2019,7,High,Remote Access
445,tcp,microsoft-ds,SMBv3,Linux,42,Critical,File Sharing
5432,tcp,postgresql,PostgreSQL 16,CentOS,36,Medium,Database
22,tcp,ssh,OpenSSH 9.0,CentOS,50,Medium,Remote Access
3306,tcp,mysql,MySQL 5.7,Linux,13,Medium,Database
8080,tcp,http-proxy,Tomcat 9,Windows Server 2022,33,Low,Web
23,tcp,telnet,Telnet,Windows Server 2019,31,High,Remote Access
22,tcp,ssh,OpenSSH 5.3,Windows Server 2019,46,High,Remote Access
8080,tcp,http-proxy,Tomcat 9,Debian,3,Low,Web
445,tcp,microsoft-ds,SMBv1,CentOS,20,High,File Sharing
445,tcp,microsoft-ds,SMBv3,CentOS,7,High,File Sharing
445,tcp,microsoft-ds,SMBv1,Linux,14,Critical,File Sharing
445,tcp,microsoft-ds,SMBv1,CentOS,31,Critical,File Sharing
443,tcp,https,Apache SSL,CentOS,21,Low,Web
22,tcp,ssh,OpenSSH 9.0,Ubuntu,45,Low,Remote Access
3306,tcp,mysql,MySQL 5.7,Linux,50,High,Database
80,tcp,http,Apache 2.4.54,CentOS,40,Low,Web
8080,tcp,http-proxy,Tomcat 10,Windows Server 2019,4,Low,Web
3389,tcp,rdp,Windows RDP,Debian,24,High,Remote Access
443,tcp,https,Apache SSL,CentOS,11,Low,Web
445,tcp,microsoft-ds,SMBv3,CentOS,4,Medium,File Sharing
8080,tcp,http-proxy,Tomcat 10,CentOS,35,Medium,Web
3306,tcp,mysql,MySQL 8.0,Ubuntu,9,Medium,Database
445,tcp,microsoft-ds,SMBv3,Windows Server 2022,43,Critical,File Sharing
5432,tcp,postgresql,PostgreSQL 16,Windows Server 2022,38,High,Database
445,tcp,microsoft-ds,SMBv3,Windows Server 2022,40,Critical,File Sharing
80,tcp,http,nginx 1.24,Ubuntu,20,Low,Web
23,tcp,telnet,Telnet,Debian,2,Medium,Remote Access
22,tcp,ssh,OpenSSH 5.3,Linux,10,Medium,Remote Access
445,tcp,microsoft-ds,SMBv1,Windows Server 2019,42,Critical,File Sharing
23,tcp,telnet,Telnet,Ubuntu,42,High,Remote Access
445,tcp,microsoft-ds,SMBv3,Linux,14,Medium,File Sharing
445,tcp,microsoft-ds,SMBv3,CentOS,3,Medium,File Sharing
6379,tcp,redis,Redis 5,Windows Server 2022,7,Medium,Database
3306,tcp,mysql,MySQL 8.0,Windows Server 2019,34,High,Database
6379,tcp,redis,Redis 7,Ubuntu,32,High,Database
6379,tcp,redis,Redis 7,Windows Server 2022,29,High,Database
6379,tcp,redis,Redis 5,Windows Server 2022,1,Medium,Database
445,tcp,microsoft-ds,SMBv1,Debian,19,Critical,File Sharing
23,tcp,telnet,Telnet,Ubuntu,46,High,Remote Access
80,tcp,http,Apache 2.4.49,Linux,9,Medium,Web
8080,tcp,http-proxy,Tomcat 9,Windows Server 2022,1,Low,Web
8080,tcp,http-proxy,Tomcat 9,Linux,25,Low,Web
23,tcp,telnet,Telnet,CentOS,17,High,Remote Access
80,tcp,http,Apache 2.4.49,Windows Server 2022,36,Critical,Web
445,tcp,microsoft-ds,SMBv1,Windows Server 2019,11,Critical,File Sharing
6379,tcp,redis,Redis 5,Windows Server 2022,30,High,Database
80,tcp,http,Apache 2.4.54,CentOS,30,Low,Web
3306,tcp,mysql,MySQL 8.0,Windows Server 2019,41,High,Database
3389,tcp,rdp,Windows RDP,CentOS,10,Medium,Remote Access
445,tcp,microsoft-ds,SMBv1,Windows Server 2019,6,Critical,File Sharing
6379,tcp,redis,Redis 5,Windows Server 2022,7,High,Database
22,tcp,ssh,OpenSSH 5.3,Windows Server 2022,29,Medium,Remote Access
3389,tcp,rdp,Windows RDP,Linux,30,High,Remote Access
443,tcp,https,Apache SSL,Windows Server 2022,47,Medium,Web
8080,tcp,http-proxy,Tomcat 9,Linux,21,Medium,Web
80,tcp,http,Apache 2.4.49,Windows Server 2019,37,High,Web
6379,tcp,redis,Redis 5,Linux,47,Critical,Database
445,tcp,microsoft-ds,SMBv1,Windows Server 2022,20,Critical,File Sharing
5432,tcp,postgresql,PostgreSQL 14,Ubuntu,11,Low,Database
445,tcp,microsoft-ds,SMBv1,Windows Server 2019,35,Critical,File Sharing
445,tcp,microsoft-ds,SMBv3,Debian,27,High,File Sharing
3389,tcp,rdp,Windows RDP,Windows Server 2022,48,Critical,Remote Access
443,tcp,https,nginx 1.24,CentOS,19,Low,Web
22,tcp,ssh,OpenSSH 9.0,Debian,17,Low,Remote Access
8080,tcp,http-proxy,Tomcat 9,Ubuntu,29,Medium,Web
22,tcp,ssh,OpenSSH 5.3,Windows Server 2019,12,High,Remote Access
23,tcp,telnet,Telnet,Linux,22,High,Remote Access
8080,tcp,http-proxy,Tomcat 10,Windows Server 2019,32,Low,Web
443,tcp,https,Apache SSL,Windows Server 2022,21,Medium,Web
8080,tcp,http-proxy,Tomcat 9,Ubuntu,10,Low,Web
23,tcp,telnet,Telnet,Debian,26,High,Remote Access
5432,tcp,postgresql,PostgreSQL 14,Ubuntu,3,Low,Database
3306,tcp,mysql,MySQL 8.0,Windows Server 2019,44,High,Database
5432,tcp,postgresql,PostgreSQL 16,Debian,44,Medium,Database
445,tcp,microsoft-ds,SMBv3,Ubuntu,16,High,File Sharing
22,tcp,ssh,OpenSSH 5.3,Ubuntu,2,Medium,Remote Access
3306,tcp,mysql,MySQL 5.7,CentOS,42,High,Database
8080,tcp,http-proxy,Tomcat 10,Linux,30,Low,Web
445,tcp,microsoft-ds,SMBv1,Ubuntu,47,Critical,File Sharing
22,tcp,ssh,OpenSSH 5.3,Windows Server 2022,37,High,Remote Access
8080,tcp,http-proxy,Tomcat 10,Windows Server 2022,2,Low,Web
3306,tcp,mysql,MySQL 5.7,CentOS,18,Medium,Database
22,tcp,ssh,OpenSSH 5.3,Linux,37,Critical,Remote Access
3389,tcp,rdp,Windows RDP,Ubuntu,44,Critical,Remote Access
23,tcp,telnet,Telnet,Ubuntu,26,High,Remote Access
80,tcp,http,nginx 1.24,Ubuntu,8,Low,Web
80,tcp,http,Apache 2.4.49,Windows Server 2022,45,Critical,Web
6379,tcp,redis,Redis 7,Windows Server 2022,9,Medium,Database
23,tcp,telnet,Telnet,Linux,8,High,Remote Access
6379,tcp,redis,Redis 5,Ubuntu,12,Medium,Database
23,tcp,telnet,Telnet,CentOS,9,High,Remote Access
5432,tcp,postgresql,PostgreSQL 16,Ubuntu,13,Low,Database
22,tcp,ssh,OpenSSH 9.0,Windows Server 2019,13,Low,Remote Access
6379,tcp,redis,Redis 7,Ubuntu,35,Medium,Database
80,tcp,http,Apache 2.4.54,Windows Server 2022,43,Medium,Web
5432,tcp,postgresql,PostgreSQL 14,Ubuntu,49,Medium,Database
80,tcp,http,Apache 2.4.49,Linux,19,Medium,Web
5432,tcp,postgresql,PostgreSQL 16,Windows Server 2022,34,Medium,Database
445,tcp,microsoft-ds,SMBv1,Windows Server 2019,43,Critical,File Sharing
80,tcp,http,Apache 2.4.49,Windows Server 2019,19,High,Web
80,tcp,http,Apache 2.4.49,Windows Server 2019,13,Medium,Web
445,tcp,microsoft-ds,SMBv3,Linux,48,High,File Sharing
443,tcp,https,Apache SSL,Ubuntu,50,High,Web
22,tcp,ssh,OpenSSH 5.3,Ubuntu,30,Medium,Remote Access
80,tcp,http,Apache 2.4.54,Ubuntu,28,Low,Web
5432,tcp,postgresql,PostgreSQL 16,Windows Server 2019,24,Medium,Database
3306,tcp,mysql,MySQL 5.7,Ubuntu,2,Medium,Database
23,tcp,telnet,Telnet,Linux,10,High,Remote Access
22,tcp,ssh,OpenSSH 9.0,Linux,24,Low,Remote Access
3389,tcp,rdp,Windows RDP,Windows Server 2019,32,High,Remote Access
22,tcp,ssh,OpenSSH 5.3,Windows Server 2019,40,High,Remote Access
3389,tcp,rdp,Windows RDP,CentOS,28,Medium,Remote Access
6379,tcp,redis,Redis 5,Ubuntu,9,Medium,Database
5432,tcp,postgresql,PostgreSQL 14,Debian,21,Medium,Database
80,tcp,http,nginx 1.24,Windows Server 2022,42,Low,Web
443,tcp,https,Apache SSL,Linux,16,Low,Web
23,tcp,telnet,Telnet,Windows Server 2019,24,Critical,Remote Access
3389,tcp,rdp,Windows RDP,Debian,28,High,Remote Access
8080,tcp,http-proxy,Tomcat 9,Debian,29,Medium,Web
445,tcp,microsoft-ds,SMBv3,CentOS,12,High,File Sharing
3306,tcp,mysql,MySQL 8.0,Linux,9,Medium,Database
3389,tcp,rdp,Windows RDP,Linux,8,Medium,Remote Access
5432,tcp,postgresql,PostgreSQL 14,Linux,33,Low,Database
22,tcp,ssh,OpenSSH 5.3,Linux,48,Critical,Remote Access
5432,tcp,postgresql,PostgreSQL 14,Linux,29,Medium,Database
3306,tcp,mysql,MySQL 5.7,CentOS,11,High,Database
5432,tcp,postgresql,PostgreSQL 14,Windows Server 2019,1,Low,Database
445,tcp,microsoft-ds,SMBv3,Linux,10,Medium,File Sharing
23,tcp,telnet,Telnet,Windows Server 2022,4,High,Remote Access
23,tcp,telnet,Telnet,Windows Server 2019,3,High,Remote Access
3389,tcp,rdp,Windows RDP,Ubuntu,4,Medium,Remote Access
443,tcp,https,Apache SSL,Linux,4,Low,Web
445,tcp,microsoft-ds,SMBv3,CentOS,20,High,File Sharing
6379,tcp,redis,Redis 5,Linux,46,High,Database
22,tcp,ssh,OpenSSH 5.3,Windows Server 2019,28,High,Remote Access
445,tcp,microsoft-ds,SMBv3,CentOS,28,Critical,File Sharing
8080,tcp,http-proxy,Tomcat 10,CentOS,2,Low,Web
23,tcp,telnet,Telnet,Debian,13,High,Remote Access
8080,tcp,http-proxy,Tomcat 10,Ubuntu,29,Medium,Web
6379,tcp,redis,Redis 7,CentOS,10,Medium,Database
445,tcp,microsoft-ds,SMBv1,Windows Server 2019,16,Critical,File Sharing
3389,tcp,rdp,Windows RDP,Linux,4,Medium,Remote Access
6379,tcp,redis,Redis 7,CentOS,7,Medium,Database
445,tcp,microsoft-ds,SMBv1,Linux,8,High,File Sharing
3389,tcp,rdp,Windows RDP,Windows Server 2022,30,Medium,Remote Access
3306,tcp,mysql,MySQL 5.7,Linux,48,High,Database
8080,tcp,http-proxy,Tomcat 9,Windows Server 2019,50,Medium,Web
8080,tcp,http-proxy,Tomcat 10,Windows Server 2019,1,Low,Web
443,tcp,https,nginx 1.24,Debian,12,Low,Web
3306,tcp,mysql,MySQL 5.7,Windows Server 2019,20,High,Database
6379,tcp,redis,Redis 7,Windows Server 2022,15,Medium,Database
443,tcp,https,Apache SSL,Windows Server 2019,29,Low,Web
6379,tcp,redis,Redis 7,Windows Server 2019,36,High,Database
23,tcp,telnet,Telnet,CentOS,7,High,Remote Access
443,tcp,https,Apache SSL,Debian,4,Low,Web
3389,tcp,rdp,Windows RDP,Ubuntu,15,Medium,Remote Access
445,tcp,microsoft-ds,SMBv3,Ubuntu,14,High,File Sharing
8080,tcp,http-proxy,Tomcat 9,Windows Server 2019,29,Low,Web
23,tcp,telnet,Telnet,Ubuntu,28,High,Remote Access
22,tcp,ssh,OpenSSH 5.3,CentOS,4,Medium,Remote Access
5432,tcp,postgresql,PostgreSQL 14,Linux,6,Medium,Database
22,tcp,ssh,OpenSSH 5.3,Windows Server 2022,43,High,Remote Access
3306,tcp,mysql,MySQL 5.7,Windows Server 2019,6,Medium,Database
445,tcp,microsoft-ds,SMBv3,Ubuntu,8,Medium,File Sharing
3389,tcp,rdp,Windows RDP,Windows Server 2022,35,High,Remote Access
5432,tcp,postgresql,PostgreSQL 14,Linux,35,Medium,Database
3306,tcp,mysql,MySQL 8.0,Windows Server 2019,9,Medium,Database
23,tcp,telnet,Telnet,Debian,34,High,Remote Access
8080,tcp,http-proxy,Tomcat 10,Windows Server 2019,24,Medium,Web
22,tcp,ssh,OpenSSH 5.3,Linux,2,Medium,Remote Access
5432,tcp,postgresql,PostgreSQL 14,CentOS,31,Medium,Database
3389,tcp,rdp,Windows RDP,Ubuntu,13,High,Remote Access
8080,tcp,http-proxy,Tomcat 9,Debian,39,High,Web
23,tcp,telnet,Telnet,Ubuntu,33,Critical,Remote Access
8080,tcp,http-proxy,Tomcat 10,Ubuntu,39,High,Web
5432,tcp,postgresql,PostgreSQL 14,CentOS,47,High,Database
8080,tcp,http-proxy,Tomcat 10,Windows Server 2022,41,Medium,Web
3306,tcp,mysql,MySQL 5.7,Windows Server 2019,23,High,Database
23,tcp,telnet,Telnet,Linux,38,Critical,Remote Access
23,tcp,telnet,Telnet,CentOS,3,High,Remote Access
5432,tcp,postgresql,PostgreSQL 14,Ubuntu,32,Medium,Database
5432,tcp,postgresql,PostgreSQL 14,Debian,47,High,Database
445,tcp,microsoft-ds,SMBv1,CentOS,38,Critical,File Sharing
80,tcp,http,Apache 2.4.54,Windows Server 2022,3,Low,Web
3306,tcp,mysql,MySQL 8.0,CentOS,35,Medium,Database
3306,tcp,mysql,MySQL 8.0,Linux,18,Medium,Database
5432,tcp,postgresql,PostgreSQL 16,Ubuntu,5,Medium,Database
22,tcp,ssh,OpenSSH 5.3,Windows Server 2019,22,Medium,Remote Access
6379,tcp,redis,Redis 5,Ubuntu,23,High,Database
6379,tcp,redis,Redis 7,Windows Server 2019,35,High,Database
22,tcp,ssh,OpenSSH 5.3,Debian,35,High,Remote Access
5432,tcp,postgresql,PostgreSQL 14,Windows Server 2019,3,Low,Database
80,tcp,http,Apache 2.4.54,CentOS,31,Low,Web
5432,tcp,postgresql,PostgreSQL 16,Windows Server 2019,37,Medium,Database
6379,tcp,redis,Redis 5,Windows Server 2019,5,Medium,Database
3306,tcp,mysql,MySQL 5.7,Ubuntu,8,Medium,Database
445,tcp,microsoft-ds,SMBv1,Ubuntu,46,Critical,File Sharing
23,tcp,telnet,Telnet,Ubuntu,31,Critical,Remote Access
22,tcp,ssh,OpenSSH 9.0,Ubuntu,16,Low,Remote Access
3306,tcp,mysql,MySQL 8.0,Windows Server 2019,33,Medium,Database
6379,tcp,redis,Redis 7,Windows Server 2022,2,Medium,Database
445,tcp,microsoft-ds,SMBv3,Debian,32,High,File Sharing
3306,tcp,mysql,MySQL 5.7,Windows Server 2019,7,High,Database
445,tcp,microsoft-ds,SMBv1,Ubuntu,45,Critical,File Sharing
3306,tcp,mysql,MySQL 5.7,Windows Server 2019,27,High,Database
23,tcp,telnet,Telnet,Windows Server 2022,31,High,Remote Access
5432,tcp,postgresql,PostgreSQL 14,Windows Server 2022,17,Low,Database
5432,tcp,postgresql,PostgreSQL 14,CentOS,30,Medium,Database
23,tcp,telnet,Telnet,Linux,29,High,Remote Access
6379,tcp,redis,Redis 5,Ubuntu,21,High,Database
6379,tcp,redis,Redis 7,Debian,35,High,Database
8080,tcp,http-proxy,Tomcat 9,Windows Server 2022,38,High,Web
8080,tcp,http-proxy,Tomcat 10,Debian,33,Medium,Web
8080,tcp,http-proxy,Tomcat 10,Windows Server 2022,6,Low,Web
445,tcp,microsoft-ds,SMBv3,Debian,43,High,File Sharing
23,tcp,telnet,Telnet,Windows Server 2019,9,High,Remote Access
22,tcp,ssh,OpenSSH 9.0,Debian,16,Low,Remote Access
22,tcp,ssh,OpenSSH 9.0,Linux,5,Low,Remote Access
23,tcp,telnet,Telnet,Windows Server 2022,47,High,Remote Access
443,tcp,https,Apache SSL,Ubuntu,27,Medium,Web
443,tcp,https,Apache SSL,Windows Server 2022,42,Medium,Web
23,tcp,telnet,Telnet,Debian,24,High,Remote Access
6379,tcp,redis,Redis 7,Linux,4,Low,Database
8080,tcp,http-proxy,Tomcat 10,Ubuntu,20,Low,Web
80,tcp,http,Apache 2.4.49,Debian,25,High,Web
3306,tcp,mysql,MySQL 8.0,CentOS,32,High,Database
22,tcp,ssh,OpenSSH 9.0,CentOS,17,Low,Remote Access
22,tcp,ssh,OpenSSH 9.0,Debian,28,Low,Remote Access
3389,tcp,rdp,Windows RDP,Debian,35,Medium,Remote Access
8080,tcp,http-proxy,Tomcat 10,Debian,50,Medium,Web
443,tcp,https,nginx 1.24,Windows Server 2019,39,Low,Web
6379,tcp,redis,Redis 5,Ubuntu,24,High,Database
6379,tcp,redis,Redis 7,Ubuntu,41,High,Database
6379,tcp,redis,Redis 7,Windows Server 2022,19,Medium,Database
23,tcp,telnet,Telnet,Windows Server 2022,22,High,Remote Access
443,tcp,https,nginx 1.24,Linux,45,Medium,Web
80,tcp,http,Apache 2.4.49,Linux,12,Medium,Web
3306,tcp,mysql,MySQL 5.7,CentOS,28,High,Database
3389,tcp,rdp,Windows RDP,CentOS,9,Medium,Remote Access
8080,tcp,http-proxy,Tomcat 9,CentOS,2,Low,Web
23,tcp,telnet,Telnet,Debian,46,High,Remote Access
23,tcp,telnet,Telnet,Windows Server 2019,17,High,Remote Access
22,tcp,ssh,OpenSSH 5.3,Windows Server 2019,1,Low,Remote Access
3389,tcp,rdp,Windows RDP,CentOS,46,Critical,Remote Access
5432,tcp,postgresql,PostgreSQL 14,Ubuntu,6,Low,Database
8080,tcp,http-proxy,Tomcat 10,CentOS,1,Low,Web
3389,tcp,rdp,Windows RDP,Windows Server 2022,27,High,Remote Access
80,tcp,http,nginx 1.24,CentOS,5,Low,Web
23,tcp,telnet,Telnet,Linux,14,High,Remote Access
443,tcp,https,Apache SSL,Debian,15,Medium,Web
445,tcp,microsoft-ds,SMBv3,Windows Server 2019,4,High,File Sharing
5432,tcp,postgresql,PostgreSQL 16,Windows Server 2022,11,Low,Database
3306,tcp,mysql,MySQL 5.7,Debian,9,Medium,Database
5432,tcp,postgresql,PostgreSQL 14,Windows Server 2019,21,Medium,Database
445,tcp,microsoft-ds,SMBv3,Linux,3,High,File Sharing
3306,tcp,mysql,MySQL 8.0,Windows Server 2022,24,Medium,Database
3389,tcp,rdp,Windows RDP,Windows Server 2022,10,Medium,Remote Access
23,tcp,telnet,Telnet,Ubuntu,13,High,Remote Access
3389,tcp,rdp,Windows RDP,Windows Server 2019,40,Critical,Remote Access
8080,tcp,http-proxy,Tomcat 9,CentOS,29,Medium,Web
443,tcp,https,nginx 1.24,Windows Server 2022,19,Low,Web
3389,tcp,rdp,Windows RDP,Linux,13,High,Remote Access
80,tcp,http,Apache 2.4.49,CentOS,23,Medium,Web
5432,tcp,postgresql,PostgreSQL 14,Linux,39,High,Database
443,tcp,https,nginx 1.24,Debian,22,Low,Web
22,tcp,ssh,OpenSSH 9.0,Windows Server 2019,15,Low,Remote Access
5432,tcp,postgresql,PostgreSQL 14,Debian,40,Medium,Database
445,tcp,microsoft-ds,SMBv1,Debian,1,High,File Sharing
23,tcp,telnet,Telnet,Windows Server 2022,26,Critical,Remote Access
3389,tcp,rdp,Windows RDP,Windows Server 2019,5,High,Remote Access
445,tcp,microsoft-ds,SMBv1,Debian,17,Critical,File Sharing
445,tcp,microsoft-ds,SMBv3,Debian,28,High,File Sharing
5432,tcp,postgresql,PostgreSQL 14,Windows Server 2019,24,Low,Database
3389,tcp,rdp,Windows RDP,CentOS,46,High,Remote Access
22,tcp,ssh,OpenSSH 9.0,Ubuntu,42,Low,Remote Access
80,tcp,http,nginx 1.24,CentOS,33,Low,Web
5432,tcp,postgresql,PostgreSQL 16,Windows Server 2019,37,High,Database
8080,tcp,http-proxy,Tomcat 9,Windows Server 2022,39,Medium,Web
3306,tcp,mysql,MySQL 8.0,CentOS,38,High,Database
3389,tcp,rdp,Windows RDP,Debian,29,High,Remote Access
3306,tcp,mysql,MySQL 8.0,Ubuntu,3,Low,Database
8080,tcp,http-proxy,Tomcat 10,Windows Server 2022,17,Low,Web
3306,tcp,mysql,MySQL 5.7,Ubuntu,36,High,Database
8080,tcp,http-proxy,Tomcat 10,Ubuntu,34,Medium,Web
443,tcp,https,nginx 1.24,Ubuntu,8,Low,Web
22,tcp,ssh,OpenSSH 9.0,Ubuntu,37,Medium,Remote Access
80,tcp,http,nginx 1.24,Windows Server 2019,4,Low,Web
80,tcp,http,Apache 2.4.49,Linux,3,Low,Web
22,tcp,ssh,OpenSSH 5.3,Ubuntu,12,Medium,Remote Access
22,tcp,ssh,OpenSSH 5.3,Windows Server 2022,34,High,Remote Access
3389,tcp,rdp,Windows RDP,CentOS,8,Medium,Remote Access
22,tcp,ssh,OpenSSH 9.0,Windows Server 2022,25,Low,Remote Access
22,tcp,ssh,OpenSSH 5.3,Debian,13,Medium,Remote Access
6379,tcp,redis,Redis 5,Debian,4,Medium,Database
5432,tcp,postgresql,PostgreSQL 16,Debian,42,Medium,Database
23,tcp,telnet,Telnet,CentOS,18,High,Remote Access
5432,tcp,postgresql,PostgreSQL 14,Ubuntu,21,Medium,Database
6379,tcp,redis,Redis 7,Windows Server 2022,7,Medium,Database
22,tcp,ssh,OpenSSH 5.3,Windows Server 2022,50,High,Remote Access
3389,tcp,rdp,Windows RDP,Ubuntu,1,Medium,Remote Access
3306,tcp,mysql,MySQL 8.0,Windows Server 2022,38,High,Database
3389,tcp,rdp,Windows RDP,Debian,2,Low,Remote Access
6379,tcp,redis,Redis 7,Windows Server 2022,25,High,Database
3306,tcp,mysql,MySQL 5.7,Linux,1,Medium,Database
445,tcp,microsoft-ds,SMBv3,Linux,46,High,File Sharing
443,tcp,https,Apache SSL,Linux,29,Medium,Web
23,tcp,telnet,Telnet,Windows Server 2019,38,Critical,Remote Access
8080,tcp,http-proxy,Tomcat 10,Linux,34,Low,Web
445,tcp,microsoft-ds,SMBv1,CentOS,27,Critical,File Sharing
3306,tcp,mysql,MySQL 5.7,CentOS,35,High,Database
80,tcp,http,Apache 2.4.54,Windows Server 2019,30,Low,Web
5432,tcp,postgresql,PostgreSQL 14,Windows Server 2019,28,Low,Database
3389,tcp,rdp,Windows RDP,Windows Server 2019,5,Medium,Remote Access
22,tcp,ssh,OpenSSH 9.0,Windows Server 2019,28,Low,Remote Access
445,tcp,microsoft-ds,SMBv3,Linux,37,Critical,File Sharing
6379,tcp,redis,Redis 5,Windows Server 2022,39,High,Database
80,tcp,http,Apache 2.4.49,Linux,9,High,Web
445,tcp,microsoft-ds,SMBv3,Windows Server 2022,34,High,File Sharing
6379,tcp,redis,Redis 5,Debian,6,Medium,Database
8080,tcp,http-proxy,Tomcat 10,Ubuntu,5,Medium,Web
445,tcp,microsoft-ds,SMBv3,Windows Server 2019,21,High,File Sharing
3389,tcp,rdp,Windows RDP,CentOS,19,Medium,Remote Access
80,tcp,http,Apache 2.4.54,Debian,25,Low,Web
23,tcp,telnet,Telnet,Windows Server 2019,44,Critical,Remote Access
3306,tcp,mysql,MySQL 5.7,Windows Server 2019,46,Critical,Database
80,tcp,http,Apache 2.4.54,Debian,12,Low,Web
80,tcp,http,nginx 1.24,CentOS,22,Low,Web
3389,tcp,rdp,Windows RDP,Windows Server 2022,17,Medium,Remote Access
3306,tcp,mysql,MySQL 5.7,Linux,36,High,Database
3306,tcp,mysql,MySQL 8.0,CentOS,3,Low,Database
6379,tcp,redis,Redis 5,Linux,37,High,Database
80,tcp,http,Apache 2.4.54,CentOS,1,Low,Web
22,tcp,ssh,OpenSSH 5.3,Windows Server 2022,26,High,Remote Access
445,tcp,microsoft-ds,SMBv3,Debian,4,High,File Sharing
80,tcp,http,Apache 2.4.49,Ubuntu,18,High,Web
80,tcp,http,nginx 1.24,Ubuntu,36,Medium,Web
3306,tcp,mysql,MySQL 5.7,Linux,6,High,Database
5432,tcp,postgresql,PostgreSQL 14,Ubuntu,45,Medium,Database
3389,tcp,rdp,Windows RDP,Linux,9,High,Remote Access
23,tcp,telnet,Telnet,Windows Server 2019,50,Critical,Remote Access
22,tcp,ssh,OpenSSH 9.0,Linux,4,Low,Remote Access
5432,tcp,postgresql,PostgreSQL 14,Linux,8,Low,Database
22,tcp,ssh,OpenSSH 5.3,CentOS,7,Medium,Remote Access
445,tcp,microsoft-ds,SMBv1,CentOS,6,High,File Sharing
445,tcp,microsoft-ds,SMBv1,CentOS,4,High,File Sharing
443,tcp,https,nginx 1.24,Linux,30,Low,Web
6379,tcp,redis,Redis 7,Windows Server 2022,1,Low,Database
3389,tcp,rdp,Windows RDP,Windows Server 2022,42,High,Remote Access
5432,tcp,postgresql,PostgreSQL 16,Windows Server 2019,46,Medium,Database
3306,tcp,mysql,MySQL 5.7,Windows Server 2022,10,High,Database
6379,tcp,redis,Redis 5,CentOS,23,High,Database
8080,tcp,http-proxy,Tomcat 10,Debian,31,Low,Web
6379,tcp,redis,Redis 5,Windows Server 2019,47,High,Database
3389,tcp,rdp,Windows RDP,Debian,35,Medium,Remote Access
443,tcp,https,nginx 1.24,Linux,17,Low,Web
22,tcp,ssh,OpenSSH 5.3,Debian,50,Critical,Remote Access
443,tcp,https,nginx 1.24,Linux,30,Low,Web
443,tcp,https,Apache SSL,CentOS,17,Low,Web
445,tcp,microsoft-ds,SMBv1,CentOS,34,Critical,File Sharing
6379,tcp,redis,Redis 7,Windows Server 2019,28,Medium,Database
6379,tcp,redis,Redis 7,Ubuntu,38,High,Database
3306,tcp,mysql,MySQL 8.0,Windows Server 2019,33,Medium,Database
5432,tcp,postgresql,PostgreSQL 16,Ubuntu,21,Medium,Database
6379,tcp,redis,Redis 7,CentOS,9,Medium,Database
445,tcp,microsoft-ds,SMBv3,Linux,29,Critical,File Sharing
3306,tcp,mysql,MySQL 5.7,CentOS,24,High,Database
8080,tcp,http-proxy,Tomcat 10,Debian,6,Low,Web
6379,tcp,redis,Redis 5,Ubuntu,37,High,Database
22,tcp,ssh,OpenSSH 5.3,Windows Server 2019,22,High,Remote Access
23,tcp,telnet,Telnet,CentOS,41,Critical,Remote Access
22,tcp,ssh,OpenSSH 5.3,Ubuntu,7,Medium,Remote Access
23,tcp,telnet,Telnet,Windows Server 2019,25,High,Remote Access
8080,tcp,http-proxy,Tomcat 9,Ubuntu,22,Medium,Web
3389,tcp,rdp,Windows RDP,Linux,44,High,Remote Access
80,tcp,http,nginx 1.24,Linux,26,Low,Web
443,tcp,https,Apache SSL,Debian,45,Medium,Web
80,tcp,http,Apache 2.4.49,Linux,43,High,Web
80,tcp,http,Apache 2.4.54,Debian,37,Medium,Web
22,tcp,ssh,OpenSSH 5.3,Ubuntu,27,Medium,Remote Access
23,tcp,telnet,Telnet,Linux,22,High,Remote Access
80,tcp,http,Apache 2.4.54,Windows Server 2022,44,Medium,Web
3389,tcp,rdp,Windows RDP,Linux,29,High,Remote Access
22,tcp,ssh,OpenSSH 9.0,Linux,49,Medium,Remote Access
443,tcp,https,nginx 1.24,CentOS,39,Low,Web
445,tcp,microsoft-ds,SMBv3,Windows Server 2022,2,Medium,File Sharing
23,tcp,telnet,Telnet,Linux,26,High,Remote Access
8080,tcp,http-proxy,Tomcat 9,Debian,50,Medium,Web
443,tcp,https,nginx 1.24,Linux,18,Low,Web
80,tcp,http,Apache 2.4.49,Ubuntu,28,Medium,Web
5432,tcp,postgresql,PostgreSQL 16,Linux,5,Low,Database
8080,tcp,http-proxy,Tomcat 9,Ubuntu,42,Medium,Web
8080,tcp,http-proxy,Tomcat 9,Windows Server 2019,23,Medium,Web
443,tcp,https,Apache SSL,Windows Server 2022,37,Medium,Web
80,tcp,http,Apache 2.4.49,Debian,25,Medium,Web
22,tcp,ssh,OpenSSH 5.3,CentOS,32,Medium,Remote Access
22,tcp,ssh,OpenSSH 9.0,Windows Server 2019,28,Low,Remote Access
23,tcp,telnet,Telnet,Windows Server 2022,29,Critical,Remote Access
3306,tcp,mysql,MySQL 5.7,Windows Server 2022,16,High,Database
5432,tcp,postgresql,PostgreSQL 16,Windows Server 2022,44,Medium,Database
443,tcp,https,nginx 1.24,Windows Server 2019,19,Low,Web
8080,tcp,http-proxy,Tomcat 10,Ubuntu,2,Low,Web
6379,tcp,redis,Redis 7,CentOS,25,High,Database
445,tcp,microsoft-ds,SMBv3,Linux,14,High,File Sharing
445,tcp,microsoft-ds,SMBv1,Linux,32,Critical,File Sharing
6379,tcp,redis,Redis 7,Debian,9,High,Database
80,tcp,http,Apache 2.4.54,Linux,30,Low,Web
80,tcp,http,nginx 1.24,Linux,41,Medium,Web
8080,tcp,http-proxy,Tomcat 9,Ubuntu,15,Low,Web
445,tcp,microsoft-ds,SMBv1,Linux,1,High,File Sharing
8080,tcp,http-proxy,Tomcat 9,Windows Server 2022,27,Low,Web
445,tcp,microsoft-ds,SMBv1,Linux,41,Critical,File Sharing
5432,tcp,postgresql,PostgreSQL 16,Ubuntu,1,Low,Database
23,tcp,telnet,Telnet,CentOS,26,Critical,Remote Access
443,tcp,https,nginx 1.24,Windows Server 2019,1,Low,Web
445,tcp,microsoft-ds,SMBv3,Debian,49,Critical,File Sharing
445,tcp,microsoft-ds,SMBv1,Linux,11,Critical,File Sharing
3306,tcp,mysql,MySQL 5.7,CentOS,3,Medium,Database
443,tcp,https,Apache SSL,Windows Server 2022,12,Low,Web
80,tcp,http,Apache 2.4.54,Debian,23,Low,Web
23,tcp,telnet,Telnet,CentOS,30,High,Remote Access
8080,tcp,http-proxy,Tomcat 9,Linux,29,Low,Web
23,tcp,telnet,Telnet,Ubuntu,15,Medium,Remote Access
80,tcp,http,Apache 2.4.49,CentOS,45,High,Web
23,tcp,telnet,Telnet,Linux,23,High,Remote Access
5432,tcp,postgresql,PostgreSQL 16,Windows Server 2022,1,Low,Database
8080,tcp,http-proxy,Tomcat 9,CentOS,7,Low,Web
5432,tcp,postgresql,PostgreSQL 16,Ubuntu,35,Medium,Database
445,tcp,microsoft-ds,SMBv1,Windows Server 2022,38,Critical,File Sharing
8080,tcp,http-proxy,Tomcat 10,Windows Server 2022,31,Medium,Web
23,tcp,telnet,Telnet,Windows Server 2019,34,High,Remote Access
22,tcp,ssh,OpenSSH 9.0,Ubuntu,31,Low,Remote Access
23,tcp,telnet,Telnet,Windows Server 2019,10,High,Remote Access
80,tcp,http,nginx 1.24,Debian,22,Low,Web
22,tcp,ssh,OpenSSH 5.3,Windows Server 2019,9,Medium,Remote Access
3389,tcp,rdp,Windows RDP,Linux,4,Medium,Remote Access
5432,tcp,postgresql,PostgreSQL 14,Windows Server 2019,19,Low,Database
443,tcp,https,nginx 1.24,Windows Server 2022,10,Low,Web
3306,tcp,mysql,MySQL 5.7,Debian,18,High,Database
3306,tcp,mysql,MySQL 5.7,Windows Server 2022,9,Medium,Database
23,tcp,telnet,Telnet,Debian,37,Critical,Remote Access
22,tcp,ssh,OpenSSH 5.3,Windows Server 2022,41,High,Remote Access
80,tcp,http,Apache 2.4.49,Windows Server 2022,14,Medium,Web
3306,tcp,mysql,MySQL 5.7,Ubuntu,9,Medium,Database
3389,tcp,rdp,Windows RDP,Debian,9,Medium,Remote Access
443,tcp,https,Apache SSL,Windows Server 2022,13,Low,Web
80,tcp,http,nginx 1.24,Linux,27,Low,Web
22,tcp,ssh,OpenSSH 9.0,Debian,26,Low,Remote Access
22,tcp,ssh,OpenSSH 5.3,Debian,46,High,Remote Access
3389,tcp,rdp,Windows RDP,CentOS,23,High,Remote Access
8080,tcp,http-proxy,Tomcat 9,Windows Server 2019,35,Medium,Web
80,tcp,http,Apache 2.4.49,Windows Server 2022,2,Medium,Web
8080,tcp,http-proxy,Tomcat 9,CentOS,44,Medium,Web
3389,tcp,rdp,Windows RDP,CentOS,39,High,Remote Access
80,tcp,http,nginx 1.24,Windows Server 2022,34,Low,Web
23,tcp,telnet,Telnet,Debian,16,High,Remote Access
23,tcp,telnet,Telnet,CentOS,11,High,Remote Access
8080,tcp,http-proxy,Tomcat 9,Ubuntu,8,Medium,Web
3389,tcp,rdp,Windows RDP,Windows Server 2019,4,Medium,Remote Access
6379,tcp,redis,Redis 7,CentOS,26,High,Database
22,tcp,ssh,OpenSSH 9.0,Ubuntu,45,Medium,Remote Access
80,tcp,http,Apache 2.4.49,Windows Server 2019,33,High,Web
445,tcp,microsoft-ds,SMBv3,Linux,20,High,File Sharing
3306,tcp,mysql,MySQL 8.0,Windows Server 2022,3,Medium,Database
6379,tcp,redis,Redis 7,Ubuntu,44,High,Database
8080,tcp,http-proxy,Tomcat 9,Windows Server 2022,15,Medium,Web
445,tcp,microsoft-ds,SMBv1,Debian,42,Critical,File Sharing
80,tcp,http,Apache 2.4.54,Ubuntu,9,Low,Web
6379,tcp,redis,Redis 5,CentOS,8,Medium,Database
3306,tcp,mysql,MySQL 5.7,Debian,14,High,Database
80,tcp,http,nginx 1.24,Debian,42,Medium,Web
3306,tcp,mysql,MySQL 5.7,Linux,44,High,Database
5432,tcp,postgresql,PostgreSQL 16,Windows Server 2019,44,Medium,Database
8080,tcp,http-proxy,Tomcat 10,Ubuntu,41,Medium,Web
3306,tcp,mysql,MySQL 5.7,Windows Server 2022,39,Critical,Database
3306,tcp,mysql,MySQL 5.7,Ubuntu,36,High,Database
443,tcp,https,nginx 1.24,Windows Server 2022,19,Low,Web
80,tcp,http,Apache 2.4.54,Windows Server 2022,4,Low,Web
5432,tcp,postgresql,PostgreSQL 14,Ubuntu,16,Low,Database
443,tcp,https,nginx 1.24,Windows Server 2022,16,Low,Web
23,tcp,telnet,Telnet,Windows Server 2022,34,Critical,Remote Access
6379,tcp,redis,Redis 5,Debian,47,High,Database
445,tcp,microsoft-ds,SMBv3,Windows Server 2022,25,High,File Sharing
3389,tcp,rdp,Windows RDP,CentOS,26,High,Remote Access
445,tcp,microsoft-ds,SMBv1,Debian,16,Critical,File Sharing
445,tcp,microsoft-ds,SMBv3,Debian,26,Critical,File Sharing
8080,tcp,http-proxy,Tomcat 10,Linux,28,Medium,Web
3306,tcp,mysql,MySQL 5.7,Linux,12,Medium,Database
3306,tcp,mysql,MySQL 8.0,Linux,35,Medium,Database
8080,tcp,http-proxy,Tomcat 10,Windows Server 2019,20,Low,Web
445,tcp,microsoft-ds,SMBv1,CentOS,39,Critical,File Sharing
445,tcp,microsoft-ds,SMBv3,Windows Server 2019,25,Critical,File Sharing
3306,tcp,mysql,MySQL 8.0,Ubuntu,8,Medium,Database
22,tcp,ssh,OpenSSH 9.0,Debian,9,Low,Remote Access
445,tcp,microsoft-ds,SMBv1,Debian,12,Critical,File Sharing
23,tcp,telnet,Telnet,Linux,43,Critical,Remote Access
5432,tcp,postgresql,PostgreSQL 14,Ubuntu,11,Medium,Database
23,tcp,telnet,Telnet,Debian,20,High,Remote Access
22,tcp,ssh,OpenSSH 9.0,Windows Server 2019,27,Low,Remote Access
3389,tcp,rdp,Windows RDP,Linux,44,High,Remote Access
22,tcp,ssh,OpenSSH 5.3,CentOS,34,High,Remote Access
80,tcp,http,Apache 2.4.49,Linux,6,Medium,Web
5432,tcp,postgresql,PostgreSQL 16,Linux,36,Medium,Database
445,tcp,microsoft-ds,SMBv1,Ubuntu,24,Critical,File Sharing
80,tcp,http,Apache 2.4.54,Windows Server 2019,30,Low,Web
3306,tcp,mysql,MySQL 8.0,Linux,8,Medium,Database
443,tcp,https,nginx 1.24,Windows Server 2022,44,Low,Web
5432,tcp,postgresql,PostgreSQL 16,Debian,48,Medium,Database
443,tcp,https,Apache SSL,CentOS,29,Medium,Web
8080,tcp,http-proxy,Tomcat 10,CentOS,44,Medium,Web
6379,tcp,redis,Redis 5,Ubuntu,30,Medium,Database
23,tcp,telnet,Telnet,Linux,42,High,Remote Access
445,tcp,microsoft-ds,SMBv1,CentOS,35,Critical,File Sharing
22,tcp,ssh,OpenSSH 9.0,Debian,42,Low,Remote Access
22,tcp,ssh,OpenSSH 5.3,Ubuntu,31,High,Remote Access
80,tcp,http,Apache 2.4.49,Debian,12,Medium,Web
3389,tcp,rdp,Windows RDP,Linux,28,Medium,Remote Access
8080,tcp,http-proxy,Tomcat 10,Ubuntu,37,Medium,Web
443,tcp,https,Apache SSL,Windows Server 2019,41,Medium,Web
3389,tcp,rdp,Windows RDP,Linux,13,Medium,Remote Access
443,tcp,https,Apache SSL,Windows Server 2019,23,Medium,Web
80,tcp,http,nginx 1.24,CentOS,12,Low,Web
8080,tcp,http-proxy,Tomcat 9,Windows Server 2019,47,High,Web
443,tcp,https,Apache SSL,Ubuntu,47,Medium,Web
8080,tcp,http-proxy,Tomcat 10,Windows Server 2022,44,Medium,Web
443,tcp,https,nginx 1.24,Ubuntu,10,Low,Web
443,tcp,https,nginx 1.24,Windows Server 2019,39,Medium,Web
22,tcp,ssh,OpenSSH 9.0,Debian,31,Low,Remote Access
445,tcp,microsoft-ds,SMBv1,Ubuntu,15,Critical,File Sharing
6379,tcp,redis,Redis 5,Windows Server 2019,23,Medium,Database
3389,tcp,rdp,Windows RDP,Linux,4,Medium,Remote Access
22,tcp,ssh,OpenSSH 5.3,CentOS,39,Critical,Remote Access
23,tcp,telnet,Telnet,Ubuntu,25,High,Remote Access
23,tcp,telnet,Telnet,CentOS,8,High,Remote Access
6379,tcp,redis,Redis 5,Debian,42,High,Database
5432,tcp,postgresql,PostgreSQL 14,Windows Server 2022,6,Medium,Database
6379,tcp,redis,Redis 7,Windows Server 2019,17,High,Database
3389,tcp,rdp,Windows RDP,Debian,29,High,Remote Access
80,tcp,http,Apache 2.4.49,Ubuntu,14,Medium,Web
80,tcp,http,Apache 2.4.49,Windows Server 2022,33,Medium,Web
23,tcp,telnet,Telnet,Debian,10,High,Remote Access
5432,tcp,postgresql,PostgreSQL 14,Windows Server 2022,43,Medium,Database
80,tcp,http,nginx 1.24,Debian,26,Low,Web
6379,tcp,redis,Redis 5,Windows Server 2019,22,High,Database
445,tcp,microsoft-ds,SMBv1,CentOS,16,Critical,File Sharing
443,tcp,https,nginx 1.24,Windows Server 2022,8,Low,Web
3306,tcp,mysql,MySQL 8.0,Windows Server 2022,32,Medium,Database
23,tcp,telnet,Telnet,Linux,32,High,Remote Access
443,tcp,https,Apache SSL,Linux,42,Medium,Web
80,tcp,http,Apache 2.4.49,Windows Server 2022,5,Medium,Web
6379,tcp,redis,Redis 5,CentOS,43,High,Database
5432,tcp,postgresql,PostgreSQL 16,Windows Server 2022,26,Medium,Database
8080,tcp,http-proxy,Tomcat 10,Windows Server 2022,24,Medium,Web
23,tcp,telnet,Telnet,Windows Server 2022,18,High,Remote Access
22,tcp,ssh,OpenSSH 9.0,Debian,17,Low,Remote Access
80,tcp,http,nginx 1.24,Windows Server 2022,5,Low,Web
23,tcp,telnet,Telnet,Windows Server 2022,18,Medium,Remote Access
23,tcp,telnet,Telnet,Debian,28,High,Remote Access
22,tcp,ssh,OpenSSH 5.3,Windows Server 2019,47,Critical,Remote Access
8080,tcp,http-proxy,Tomcat 9,Windows Server 2019,21,Medium,Web
5432,tcp,postgresql,PostgreSQL 16,Debian,12,Low,Database
3389,tcp,rdp,Windows RDP,Ubuntu,2,Medium,Remote Access
80,tcp,http,Apache 2.4.54,Ubuntu,43,Low,Web
23,tcp,telnet,Telnet,Linux,9,Medium,Remote Access
80,tcp,http,Apache 2.4.54,Linux,13,Low,Web
6379,tcp,redis,Redis 7,CentOS,35,High,Database
6379,tcp,redis,Redis 5,Windows Server 2019,34,High,Database
443,tcp,https,nginx 1.24,Ubuntu,28,Medium,Web
3389,tcp,rdp,Windows RDP,Linux,39,High,Remote Access
80,tcp,http,Apache 2.4.54,Windows Server 2022,25,Low,Web
3389,tcp,rdp,Windows RDP,Windows Server 2022,37,Critical,Remote Access
5432,tcp,postgresql,PostgreSQL 16,Debian,16,Low,Database
8080,tcp,http-proxy,Tomcat 10,Ubuntu,8,Low,Web
6379,tcp,redis,Redis 7,Debian,13,Medium,Database
5432,tcp,postgresql,PostgreSQL 16,Ubuntu,15,Low,Database
80,tcp,http,Apache 2.4.49,Ubuntu,8,Medium,Web
445,tcp,microsoft-ds,SMBv1,Debian,32,Critical,File Sharing
3306,tcp,mysql,MySQL 8.0,Windows Server 2019,41,High,Database
3306,tcp,mysql,MySQL 8.0,Linux,46,Medium,Database
22,tcp,ssh,OpenSSH 5.3,CentOS,36,Critical,Remote Access
6379,tcp,redis,Redis 7,Debian,35,High,Database
3389,tcp,rdp,Windows RDP,Debian,37,Critical,Remote Access
8080,tcp,http-proxy,Tomcat 10,Debian,6,Medium,Web
443,tcp,https,Apache SSL,Debian,28,Low,Web
3306,tcp,mysql,MySQL 8.0,Linux,2,Medium,Database
443,tcp,https,Apache SSL,Debian,45,Medium,Web
3389,tcp,rdp,Windows RDP,Linux,38,Critical,Remote Access
3306,tcp,mysql,MySQL 8.0,Windows Server 2019,12,Medium,Database
3389,tcp,rdp,Windows RDP,Linux,41,High,Remote Access
80,tcp,http,nginx 1.24,Windows Server 2022,25,Low,Web
445,tcp,microsoft-ds,SMBv1,Linux,45,Critical,File Sharing
8080,tcp,http-proxy,Tomcat 10,Windows Server 2022,1,Low,Web
445,tcp,microsoft-ds,SMBv3,Linux,11,High,File Sharing
3389,tcp,rdp,Windows RDP,Windows Server 2022,14,High,Remote Access
3306,tcp,mysql,MySQL 5.7,Linux,21,High,Database
5432,tcp,postgresql,PostgreSQL 16,Windows Server 2019,26,Medium,Database
3306,tcp,mysql,MySQL 8.0,Windows Server 2022,28,Medium,Database
3306,tcp,mysql,MySQL 8.0,Debian,19,Medium,Database
3306,tcp,mysql,MySQL 8.0,Linux,20,Low,Database
6379,tcp,redis,Redis 5,Windows Server 2019,16,Medium,Database
3306,tcp,mysql,MySQL 8.0,Debian,15,Medium,Database
6379,tcp,redis,Redis 7,Linux,34,High,Database
80,tcp,http,Apache 2.4.49,Linux,38,High,Web
5432,tcp,postgresql,PostgreSQL 16,Ubuntu,39,High,Database
443,tcp,https,Apache SSL,Linux,16,Low,Web
23,tcp,telnet,Telnet,Windows Server 2019,29,High,Remote Access
22,tcp,ssh,OpenSSH 5.3,Linux,31,Medium,Remote Access
3389,tcp,rdp,Windows RDP,Debian,34,High,Remote Access
443,tcp,https,Apache SSL,Windows Server 2022,46,High,Web
445,tcp,microsoft-ds,SMBv3,CentOS,38,Critical,File Sharing
80,tcp,http,Apache 2.4.49,Ubuntu,1,Low,Web
3306,tcp,mysql,MySQL 8.0,Windows Server 2019,28,Medium,Database
6379,tcp,redis,Redis 5,Ubuntu,47,High,Database
8080,tcp,http-proxy,Tomcat 9,Linux,10,Low,Web
23,tcp,telnet,Telnet,Linux,14,High,Remote Access
445,tcp,microsoft-ds,SMBv3,Debian,34,Critical,File Sharing
443,tcp,https,Apache SSL,Windows Server 2019,22,Medium,Web
22,tcp,ssh,OpenSSH 9.0,Linux,37,Medium,Remote Access
23,tcp,telnet,Telnet,Windows Server 2022,24,High,Remote Access
443,tcp,https,Apache SSL,Windows Server 2022,21,Medium,Web
6379,tcp,redis,Redis 5,Linux,5,Medium,Database
5432,tcp,postgresql,PostgreSQL 16,Linux,14,Low,Database
80,tcp,http,Apache 2.4.49,CentOS,11,Medium,Web
22,tcp,ssh,OpenSSH 5.3,Ubuntu,20,High,Remote Access
3306,tcp,mysql,MySQL 5.7,Debian,27,High,Database
23,tcp,telnet,Telnet,Debian,15,High,Remote Access
8080,tcp,http-proxy,Tomcat 10,Windows Server 2019,48,High,Web
5432,tcp,postgresql,PostgreSQL 14,Linux,36,Medium,Database
80,tcp,http,nginx 1.24,Debian,25,Low,Web
80,tcp,http,nginx 1.24,Linux,42,Medium,Web
3389,tcp,rdp,Windows RDP,Linux,30,High,Remote Access
443,tcp,https,nginx 1.24,Debian,14,Low,Web
22,tcp,ssh,OpenSSH 5.3,Ubuntu,35,High,Remote Access
22,tcp,ssh,OpenSSH 5.3,Ubuntu,36,High,Remote Access
6379,tcp,redis,Redis 7,Debian,12,High,Database
445,tcp,microsoft-ds,SMBv1,Ubuntu,13,Critical,File Sharing
5432,tcp,postgresql,PostgreSQL 14,Windows Server 2019,15,Low,Database
80,tcp,http,Apache 2.4.49,Ubuntu,22,High,Web
8080,tcp,http-proxy,Tomcat 9,Ubuntu,14,Low,Web
443,tcp,https,nginx 1.24,Ubuntu,13,Low,Web
6379,tcp,redis,Redis 7,CentOS,5,Medium,Database
6379,tcp,redis,Redis 7,Debian,1,Medium,Database
6379,tcp,redis,Redis 5,CentOS,40,High,Database
445,tcp,microsoft-ds,SMBv1,Windows Server 2022,4,High,File Sharing
3306,tcp,mysql,MySQL 8.0,Ubuntu,4,Low,Database
80,tcp,http,Apache 2.4.49,Windows Server 2022,38,High,Web
3389,tcp,rdp,Windows RDP,Ubuntu,2,Medium,Remote Access
3306,tcp,mysql,MySQL 5.7,Linux,9,Medium,Database
3389,tcp,rdp,Windows RDP,Windows Server 2019,48,High,Remote Access
23,tcp,telnet,Telnet,Windows Server 2022,11,High,Remote Access
80,tcp,http,Apache 2.4.54,Linux,24,Low,Web
3389,tcp,rdp,Windows RDP,Debian,43,Critical,Remote Access
23,tcp,telnet,Telnet,Windows Server 2022,41,Critical,Remote Access
445,tcp,microsoft-ds,SMBv3,CentOS,7,High,File Sharing
3306,tcp,mysql,MySQL 5.7,CentOS,24,High,Database
5432,tcp,postgresql,PostgreSQL 16,Ubuntu,44,High,Database
80,tcp,http,Apache 2.4.54,Windows Server 2019,5,Low,Web
80,tcp,http,Apache 2.4.54,Windows Server 2019,3,Low,Web
6379,tcp,redis,Redis 7,Windows Server 2019,19,Medium,Database
5432,tcp,postgresql,PostgreSQL 14,Ubuntu,32,Medium,Database
443,tcp,https,Apache SSL,Windows Server 2019,50,Medium,Web
80,tcp,http,Apache 2.4.49,Ubuntu,6,Medium,Web
22,tcp,ssh,OpenSSH 5.3,Windows Server 2019,30,Medium,Remote Access
443,tcp,https,Apache SSL,Windows Server 2022,36,High,Web
8080,tcp,http-proxy,Tomcat 9,Windows Server 2022,5,Medium,Web
22,tcp,ssh,OpenSSH 9.0,Debian,45,Low,Remote Access
443,tcp,https,nginx 1.24,Debian,7,Low,Web
445,tcp,microsoft-ds,SMBv1,Windows Server 2019,21,Critical,File Sharing
3389,tcp,rdp,Windows RDP,Ubuntu,12,Medium,Remote Access
3389,tcp,rdp,Windows RDP,Windows Server 2022,17,Medium,Remote Access
443,tcp,https,Apache SSL,Ubuntu,11,Low,Web
445,tcp,microsoft-ds,SMBv3,Ubuntu,10,Medium,File Sharing
6379,tcp,redis,Redis 5,CentOS,44,High,Database
3306,tcp,mysql,MySQL 8.0,Ubuntu,13,Low,Database
5432,tcp,postgresql,PostgreSQL 14,Ubuntu,19,Low,Database
3306,tcp,mysql,MySQL 8.0,Linux,20,Medium,Database
5432,tcp,postgresql,PostgreSQL 16,Linux,18,Medium,Database
22,tcp,ssh,OpenSSH 5.3,Linux,24,High,Remote Access
5432,tcp,postgresql,PostgreSQL 16,Linux,40,Medium,Database
443,tcp,https,Apache SSL,CentOS,17,Low,Web
6379,tcp,redis,Redis 7,Windows Server 2022,43,High,Database
80,tcp,http,nginx 1.24,Windows Server 2022,21,Medium,Web
443,tcp,https,Apache SSL,Ubuntu,29,Medium,Web
3389,tcp,rdp,Windows RDP,Ubuntu,11,Medium,Remote Access
8080,tcp,http-proxy,Tomcat 9,Linux,27,Low,Web
6379,tcp,redis,Redis 7,Windows Server 2019,6,Medium,Database
8080,tcp,http-proxy,Tomcat 9,Linux,42,Medium,Web
8080,tcp,http-proxy,Tomcat 9,Ubuntu,38,Medium,Web
23,tcp,telnet,Telnet,Debian,50,Critical,Remote Access
443,tcp,https,nginx 1.24,Ubuntu,38,Medium,Web
445,tcp,microsoft-ds,SMBv3,Ubuntu,28,High,File Sharing
3389,tcp,rdp,Windows RDP,Windows Server 2022,27,High,Remote Access
8080,tcp,http-proxy,Tomcat 10,Windows Server 2022,49,Medium,Web
22,tcp,ssh,OpenSSH 9.0,CentOS,5,Low,Remote Access
3306,tcp,mysql,MySQL 5.7,Windows Server 2022,43,High,Database
23,tcp,telnet,Telnet,Ubuntu,47,High,Remote Access
443,tcp,https,nginx 1.24,Linux,18,Low,Web
80,tcp,http,Apache 2.4.49,Windows Server 2022,6,Medium,Web
80,tcp,http,Apache 2.4.49,Ubuntu,5,Medium,Web
3306,tcp,mysql,MySQL 5.7,Windows Server 2022,24,High,Database
6379,tcp,redis,Redis 7,Windows Server 2019,32,High,Database
3306,tcp,mysql,MySQL 5.7,Linux,49,High,Database
5432,tcp,postgresql,PostgreSQL 16,Debian,36,Medium,Database
6379,tcp,redis,Redis 7,Debian,49,High,Database
22,tcp,ssh,OpenSSH 5.3,CentOS,12,High,Remote Access
3389,tcp,rdp,Windows RDP,Ubuntu,21,High,Remote Access
6379,tcp,redis,Redis 7,Debian,26,High,Database
23,tcp,telnet,Telnet,Windows Server 2022,9,High,Remote Access
3306,tcp,mysql,MySQL 5.7,Linux,40,High,Database
6379,tcp,redis,Redis 5,Ubuntu,5,Medium,Database
80,tcp,http,Apache 2.4.49,Debian,45,High,Web
22,tcp,ssh,OpenSSH 9.0,Ubuntu,40,Medium,Remote Access
5432,tcp,postgresql,PostgreSQL 14,Linux,19,Medium,Database
5432,tcp,postgresql,PostgreSQL 14,Linux,31,Medium,Database
80,tcp,http,Apache 2.4.54,Windows Server 2019,40,Medium,Web
8080,tcp,http-proxy,Tomcat 9,Windows Server 2022,11,Low,Web
23,tcp,telnet,Telnet,Linux,15,High,Remote Access
6379,tcp,redis,Redis 7,Linux,48,High,Database
22,tcp,ssh,OpenSSH 5.3,Linux,23,High,Remote Access
80,tcp,http,nginx 1.24,Debian,13,Low,Web
443,tcp,https,nginx 1.24,Linux,21,Low,Web
445,tcp,microsoft-ds,SMBv1,Debian,16,Critical,File Sharing
5432,tcp,postgresql,PostgreSQL 14,Debian,36,Medium,Database
6379,tcp,redis,Redis 5,Windows Server 2022,50,High,Database
22,tcp,ssh,OpenSSH 9.0,CentOS,35,Medium,Remote Access
80,tcp,http,Apache 2.4.54,CentOS,16,Low,Web
80,tcp,http,nginx 1.24,Ubuntu,33,Medium,Web
443,tcp,https,nginx 1.24,CentOS,27,Low,Web
5432,tcp,postgresql,PostgreSQL 16,Windows Server 2022,8,Medium,Database
80,tcp,http,Apache 2.4.54,CentOS,7,Low,Web
6379,tcp,redis,Redis 7,Linux,1,Low,Database
443,tcp,https,nginx 1.24,Windows Server 2022,33,Low,Web
443,tcp,https,nginx 1.24,Windows Server 2022,39,Medium,Web
23,tcp,telnet,Telnet,Debian,12,High,Remote Access
8080,tcp,http-proxy,Tomcat 9,Windows Server 2019,31,Medium,Web
22,tcp,ssh,OpenSSH 9.0,CentOS,32,Medium,Remote Access
23,tcp,telnet,Telnet,CentOS,49,Critical,Remote Access
8080,tcp,http-proxy,Tomcat 9,Linux,41,Medium,Web
3306,tcp,mysql,MySQL 5.7,Linux,40,High,Database
3389,tcp,rdp,Windows RDP,CentOS,8,High,Remote Access
5432,tcp,postgresql,PostgreSQL 14,Debian,38,High,Database
8080,tcp,http-proxy,Tomcat 9,Windows Server 2019,45,Medium,Web
445,tcp,microsoft-ds,SMBv3,Ubuntu,48,High,File Sharing
80,tcp,http,nginx 1.24,CentOS,25,Low,Web
6379,tcp,redis,Redis 7,Ubuntu,40,High,Database
8080,tcp,http-proxy,Tomcat 9,Ubuntu,21,Medium,Web
443,tcp,https,Apache SSL,Windows Server 2019,33,Medium,Web
445,tcp,microsoft-ds,SMBv3,Ubuntu,39,Critical,File Sharing
6379,tcp,redis,Redis 5,CentOS,48,High,Database
80,tcp,http,nginx 1.24,Windows Server 2019,2,Low,Web
3306,tcp,mysql,MySQL 8.0,Ubuntu,49,High,Database
6379,tcp,redis,Redis 7,Linux,49,Critical,Database
8080,tcp,http-proxy,Tomcat 10,CentOS,2,Low,Web
5432,tcp,postgresql,PostgreSQL 16,Debian,44,High,Database
3306,tcp,mysql,MySQL 8.0,Windows Server 2022,40,High,Database
6379,tcp,redis,Redis 7,Linux,33,High,Database
8080,tcp,http-proxy,Tomcat 10,Linux,27,Medium,Web
443,tcp,https,Apache SSL,CentOS,34,Medium,Web
443,tcp,https,Apache SSL,Windows Server 2022,38,Medium,Web
6379,tcp,redis,Redis 7,Windows Server 2019,35,Medium,Database
3306,tcp,mysql,MySQL 8.0,Debian,1,Low,Database
5432,tcp,postgresql,PostgreSQL 16,Linux,21,Medium,Database
23,tcp,telnet,Telnet,Ubuntu,26,High,Remote Access
3389,tcp,rdp,Windows RDP,CentOS,26,High,Remote Access
5432,tcp,postgresql,PostgreSQL 14,Linux,35,Medium,Database
3306,tcp,mysql,MySQL 8.0,Debian,34,Medium,Database
443,tcp,https,nginx 1.24,Windows Server 2019,35,Low,Web
22,tcp,ssh,OpenSSH 9.0,CentOS,20,Low,Remote Access
8080,tcp,http-proxy,Tomcat 10,Debian,48,Medium,Web
5432,tcp,postgresql,PostgreSQL 16,CentOS,16,Low,Database
80,tcp,http,Apache 2.4.54,Debian,1,Low,Web
22,tcp,ssh,OpenSSH 5.3,Linux,44,High,Remote Access
6379,tcp,redis,Redis 7,Linux,38,High,Database
443,tcp,https,nginx 1.24,Debian,25,Low,Web
23,tcp,telnet,Telnet,Windows Server 2019,13,High,Remote Access
5432,tcp,postgresql,PostgreSQL 16,CentOS,29,Low,Database
5432,tcp,postgresql,PostgreSQL 16,Windows Server 2022,2,Low,Database
5432,tcp,postgresql,PostgreSQL 16,Ubuntu,27,Low,Database
22,tcp,ssh,OpenSSH 5.3,Windows Server 2022,49,High,Remote Access
6379,tcp,redis,Redis 7,Windows Server 2022,8,Medium,Database
443,tcp,https,Apache SSL,Debian,20,Low,Web
80,tcp,http,nginx 1.24,Windows Server 2019,3,Low,Web
3389,tcp,rdp,Windows RDP,Windows Server 2022,22,High,Remote Access
5432,tcp,postgresql,PostgreSQL 16,Debian,11,Low,Database
22,tcp,ssh,OpenSSH 9.0,Ubuntu,50,Medium,Remote Access
23,tcp,telnet,Telnet,Debian,40,Critical,Remote Access
3389,tcp,rdp,Windows RDP,Debian,28,High,Remote Access
80,tcp,http,Apache 2.4.49,Linux,39,High,Web
445,tcp,microsoft-ds,SMBv1,Ubuntu,41,Critical,File Sharing
3389,tcp,rdp,Windows RDP,Debian,32,High,Remote Access
3389,tcp,rdp,Windows RDP,Debian,35,High,Remote Access
445,tcp,microsoft-ds,SMBv3,Windows Server 2019,15,High,File Sharing
445,tcp,microsoft-ds,SMBv1,Linux,15,Critical,File Sharing
445,tcp,microsoft-ds,SMBv1,CentOS,6,Critical,File Sharing
3306,tcp,mysql,MySQL 8.0,Windows Server 2022,23,Medium,Database
23,tcp,telnet,Telnet,Windows Server 2022,39,High,Remote Access
22,tcp,ssh,OpenSSH 5.3,CentOS,9,Medium,Remote Access
23,tcp,telnet,Telnet,Windows Server 2022,50,Critical,Remote Access
443,tcp,https,nginx 1.24,Windows Server 2022,30,Medium,Web
80,tcp,http,Apache 2.4.54,Debian,35,Low,Web
8080,tcp,http-proxy,Tomcat 10,Windows Server 2019,21,Medium,Web
5432,tcp,postgresql,PostgreSQL 16,Ubuntu,12,Low,Database
80,tcp,http,nginx 1.24,Debian,9,Low,Web
23,tcp,telnet,Telnet,Linux,33,High,Remote Access
3389,tcp,rdp,Windows RDP,Windows Server 2019,6,High,Remote Access
23,tcp,telnet,Telnet,Debian,4,Medium,Remote Access
445,tcp,microsoft-ds,SMBv3,Windows Server 2019,6,High,File Sharing
3389,tcp,rdp,Windows RDP,Debian,18,High,Remote Access
443,tcp,https,Apache SSL,Windows Server 2022,14,Low,Web
80,tcp,http,Apache 2.4.54,CentOS,34,Low,Web
23,tcp,telnet,Telnet,Linux,23,High,Remote Access
8080,tcp,http-proxy,Tomcat 10,Ubuntu,17,Low,Web
8080,tcp,http-proxy,Tomcat 9,Linux,22,Medium,Web
3389,tcp,rdp,Windows RDP,Ubuntu,13,Medium,Remote Access
5432,tcp,postgresql,PostgreSQL 14,CentOS,6,Low,Database
443,tcp,https,nginx 1.24,Windows Server 2022,34,Low,Web
6379,tcp,redis,Redis 5,Windows Server 2019,31,High,Database
5432,tcp,postgresql,PostgreSQL 14,Debian,12,Medium,Database
5432,tcp,postgresql,PostgreSQL 16,Ubuntu,1,Low,Database
5432,tcp,postgresql,PostgreSQL 16,Ubuntu,21,Low,Database
445,tcp,microsoft-ds,SMBv1,Linux,29,Critical,File Sharing
6379,tcp,redis,Redis 7,Windows Server 2022,14,Medium,Database
443,tcp,https,Apache SSL,Windows Server 2019,4,Low,Web
5432,tcp,postgresql,PostgreSQL 14,Debian,28,Medium,Database
443,tcp,https,Apache SSL,Debian,25,Medium,Web
23,tcp,telnet,Telnet,CentOS,48,Critical,Remote Access
80,tcp,http,nginx 1.24,CentOS,38,Low,Web
3306,tcp,mysql,MySQL 5.7,Ubuntu,26,High,Database
8080,tcp,http-proxy,Tomcat 10,CentOS,41,High,Web
3306,tcp,mysql,MySQL 8.0,Linux,40,Medium,Database
22,tcp,ssh,OpenSSH 5.3,Linux,35,High,Remote Access
3389,tcp,rdp,Windows RDP,Windows Server 2019,2,Medium,Remote Access
445,tcp,microsoft-ds,SMBv1,Linux,46,Critical,File Sharing
5432,tcp,postgresql,PostgreSQL 16,Windows Server 2022,34,Medium,Database
3306,tcp,mysql,MySQL 5.7,Windows Server 2022,19,High,Database
3306,tcp,mysql,MySQL 8.0,Windows Server 2019,49,High,Database
8080,tcp,http-proxy,Tomcat 10,CentOS,11,Low,Web
3389,tcp,rdp,Windows RDP,Windows Server 2022,46,High,Remote Access
5432,tcp,postgresql,PostgreSQL 14,Windows Server 2019,48,Medium,Database
8080,tcp,http-proxy,Tomcat 9,Ubuntu,10,Low,Web
3389,tcp,rdp,Windows RDP,Windows Server 2022,35,Medium,Remote Access
80,tcp,http,Apache 2.4.54,Windows Server 2019,35,Low,Web
8080,tcp,http-proxy,Tomcat 10,Linux,30,Low,Web
445,tcp,microsoft-ds,SMBv3,Debian,22,High,File Sharing
3306,tcp,mysql,MySQL 5.7,CentOS,32,High,Database
5432,tcp,postgresql,PostgreSQL 16,Windows Server 2019,7,Low,Database
80,tcp,http,nginx 1.24,Ubuntu,41,Low,Web
443,tcp,https,Apache SSL,CentOS,35,Low,Web
23,tcp,telnet,Telnet,Windows Server 2019,32,High,Remote Access
3306,tcp,mysql,MySQL 8.0,Windows Server 2019,1,Low,Database
8080,tcp,http-proxy,Tomcat 9,Linux,29,Medium,Web
8080,tcp,http-proxy,Tomcat 9,Debian,21,Medium,Web
5432,tcp,postgresql,PostgreSQL 16,CentOS,38,Medium,Database
443,tcp,https,Apache SSL,Linux,41,Medium,Web
5432,tcp,postgresql,PostgreSQL 14,Windows Server 2022,30,Low,Database
445,tcp,microsoft-ds,SMBv1,Ubuntu,44,Critical,File Sharing
22,tcp,ssh,OpenSSH 5.3,Linux,37,High,Remote Access
8080,tcp,http-proxy,Tomcat 9,Linux,16,Low,Web
8080,tcp,http-proxy,Tomcat 10,Debian,9,Low,Web
445,tcp,microsoft-ds,SMBv1,Ubuntu,47,Critical,File Sharing
22,tcp,ssh,OpenSSH 5.3,Windows Server 2022,34,High,Remote Access
5432,tcp,postgresql,PostgreSQL 14,Windows Server 2019,46,Medium,Database
22,tcp,ssh,OpenSSH 9.0,Debian,4,Low,Remote Access
3306,tcp,mysql,MySQL 5.7,Windows Server 2022,30,High,Database
6379,tcp,redis,Redis 5,Debian,45,Critical,Database
443,tcp,https,Apache SSL,CentOS,9,Medium,Web
23,tcp,telnet,Telnet,Windows Server 2022,23,Critical,Remote Access
8080,tcp,http-proxy,Tomcat 9,Ubuntu,23,Medium,Web
8080,tcp,http-proxy,Tomcat 9,Windows Server 2022,1,Low,Web
5432,tcp,postgresql,PostgreSQL 16,CentOS,6,Low,Database
3306,tcp,mysql,MySQL 8.0,Windows Server 2022,16,Low,Database
445,tcp,microsoft-ds,SMBv3,CentOS,16,High,File Sharing
8080,tcp,http-proxy,Tomcat 9,Debian,23,Low,Web
23,tcp,telnet,Telnet,Debian,16,High,Remote Access
8080,tcp,http-proxy,Tomcat 9,Windows Server 2022,9,Low,Web
3389,tcp,rdp,Windows RDP,Ubuntu,30,Medium,Remote Access
80,tcp,http,nginx 1.24,Windows Server 2019,27,Medium,Web
6379,tcp,redis,Redis 5,Debian,16,Medium,Database
80,tcp,http,nginx 1.24,Linux,25,Low,Web
3306,tcp,mysql,MySQL 5.7,Windows Server 2022,44,Critical,Database
23,tcp,telnet,Telnet,Linux,40,Critical,Remote Access
445,tcp,microsoft-ds,SMBv1,Debian,35,Critical,File Sharing
6379,tcp,redis,Redis 7,Linux,24,Medium,Database
22,tcp,ssh,OpenSSH 5.3,Windows Server 2022,36,High,Remote Access
80,tcp,http,Apache 2.4.54,Ubuntu,1,Low,Web
80,tcp,http,Apache 2.4.54,CentOS,14,Low,Web
80,tcp,http,nginx 1.24,Linux,17,Low,Web
3306,tcp,mysql,MySQL 8.0,Linux,34,Medium,Database
8080,tcp,http-proxy,Tomcat 10,Ubuntu,2,Low,Web
8080,tcp,http-proxy,Tomcat 9,CentOS,32,Medium,Web
3306,tcp,mysql,MySQL 5.7,Windows Server 2019,12,Medium,Database
5432,tcp,postgresql,PostgreSQL 16,Windows Server 2019,33,Medium,Database
3306,tcp,mysql,MySQL 8.0,Debian,8,Medium,Database
445,tcp,microsoft-ds,SMBv3,Ubuntu,32,High,File Sharing
3389,tcp,rdp,Windows RDP,Ubuntu,2,Medium,Remote Access
5432,tcp,postgresql,PostgreSQL 14,Linux,49,High,Database
3306,tcp,mysql,MySQL 5.7,Ubuntu,20,Medium,Database
8080,tcp,http-proxy,Tomcat 9,Windows Server 2019,32,Medium,Web
5432,tcp,postgresql,PostgreSQL 16,CentOS,42,Medium,Database
5432,tcp,postgresql,PostgreSQL 14,Windows Server 2022,15,Low,Database
6379,tcp,redis,Redis 7,CentOS,29,Medium,Database
3306,tcp,mysql,MySQL 5.7,Ubuntu,46,High,Database
8080,tcp,http-proxy,Tomcat 9,Windows Server 2019,8,Low,Web
443,tcp,https,Apache SSL,Linux,12,Low,Web
6379,tcp,redis,Redis 5,Debian,17,Medium,Database
22,tcp,ssh,OpenSSH 9.0,Linux,42,Medium,Remote Access
443,tcp,https,nginx 1.24,Windows Server 2019,3,Low,Web
3389,tcp,rdp,Windows RDP,Ubuntu,1,Medium,Remote Access
3306,tcp,mysql,MySQL 5.7,Linux,4,Medium,Database
8080,tcp,http-proxy,Tomcat 10,Linux,37,Medium,Web
80,tcp,http,Apache 2.4.54,Debian,50,Medium,Web
5432,tcp,postgresql,PostgreSQL 14,Linux,40,High,Database
8080,tcp,http-proxy,Tomcat 10,Linux,41,Medium,Web
80,tcp,http,Apache 2.4.54,Windows Server 2019,30,Low,Web
8080,tcp,http-proxy,Tomcat 10,Ubuntu,48,High,Web
3306,tcp,mysql,MySQL 8.0,Ubuntu,12,Medium,Database
445,tcp,microsoft-ds,SMBv1,CentOS,20,Critical,File Sharing
80,tcp,http,Apache 2.4.54,Linux,17,Low,Web
80,tcp,http,Apache 2.4.54,Linux,7,Low,Web
22,tcp,ssh,OpenSSH 5.3,Debian,25,High,Remote Access
23,tcp,telnet,Telnet,Ubuntu,4,High,Remote Access
22,tcp,ssh,OpenSSH 5.3,Windows Server 2019,26,High,Remote Access
80,tcp,http,Apache 2.4.49,Ubuntu,50,High,Web
22,tcp,ssh,OpenSSH 9.0,Ubuntu,26,Medium,Remote Access
80,tcp,http,Apache 2.4.49,Windows Server 2019,24,High,Web
6379,tcp,redis,Redis 5,Linux,22,High,Database
3389,tcp,rdp,Windows RDP,Linux,4,Low,Remote Access
3389,tcp,rdp,Windows RDP,Ubuntu,22,Medium,Remote Access
22,tcp,ssh,OpenSSH 9.0,Ubuntu,40,Medium,Remote Access
23,tcp,telnet,Telnet,Linux,42,Critical,Remote Access
80,tcp,http,Apache 2.4.49,Linux,7,Medium,Web
5432,tcp,postgresql,PostgreSQL 16,Windows Server 2019,3,Low,Database
23,tcp,telnet,Telnet,CentOS,10,High,Remote Access
23,tcp,telnet,Telnet,Debian,21,High,Remote Access
6379,tcp,redis,Redis 5,CentOS,8,Medium,Database
5432,tcp,postgresql,PostgreSQL 14,CentOS,1,Low,Database
3306,tcp,mysql,MySQL 8.0,Ubuntu,27,Medium,Database
80,tcp,http,Apache 2.4.49,Debian,19,Medium,Web
80,tcp,http,Apache 2.4.54,Ubuntu,6,Low,Web
22,tcp,ssh,OpenSSH 5.3,Debian,12,Medium,Remote Access
8080,tcp,http-proxy,Tomcat 10,Linux,10,Low,Web
8080,tcp,http-proxy,Tomcat 10,Debian,48,High,Web
3389,tcp,rdp,Windows RDP,CentOS,40,High,Remote Access
443,tcp,https,nginx 1.24,CentOS,42,Medium,Web
445,tcp,microsoft-ds,SMBv1,Ubuntu,9,Critical,File Sharing
6379,tcp,redis,Redis 5,Windows Server 2022,30,High,Database
5432,tcp,postgresql,PostgreSQL 14,Windows Server 2022,9,Low,Database
445,tcp,microsoft-ds,SMBv3,Windows Server 2019,35,High,File Sharing
23,tcp,telnet,Telnet,Linux,9,Medium,Remote Access
23,tcp,telnet,Telnet,Debian,35,High,Remote Access
80,tcp,http,Apache 2.4.54,Windows Server 2019,26,Low,Web
8080,tcp,http-proxy,Tomcat 10,Debian,31,Medium,Web
5432,tcp,postgresql,PostgreSQL 16,Ubuntu,14,Medium,Database
6379,tcp,redis,Redis 5,Linux,33,High,Database
3306,tcp,mysql,MySQL 8.0,Debian,2,Low,Database
3389,tcp,rdp,Windows RDP,Windows Server 2019,8,Medium,Remote Access
3389,tcp,rdp,Windows RDP,Windows Server 2019,37,High,Remote Access
23,tcp,telnet,Telnet,Debian,3,Medium,Remote Access
6379,tcp,redis,Redis 5,CentOS,39,High,Database
443,tcp,https,Apache SSL,Ubuntu,18,Low,Web
5432,tcp,postgresql,PostgreSQL 16,Debian,29,Low,Database
5432,tcp,postgresql,PostgreSQL 14,Linux,15,Medium,Database
445,tcp,microsoft-ds,SMBv3,CentOS,12,High,File Sharing
22,tcp,ssh,OpenSSH 5.3,Linux,11,Medium,Remote Access
3389,tcp,rdp,Windows RDP,Linux,23,High,Remote Access
22,tcp,ssh,OpenSSH 5.3,Ubuntu,1,Low,Remote Access
22,tcp,ssh,OpenSSH 5.3,Windows Server 2019,34,High,Remote Access
443,tcp,https,Apache SSL,Windows Server 2022,46,High,Web
3389,tcp,rdp,Windows RDP,Windows Server 2019,8,Medium,Remote Access
22,tcp,ssh,OpenSSH 5.3,Linux,17,Medium,Remote Access
6379,tcp,redis,Redis 5,Linux,38,High,Database
6379,tcp,redis,Redis 5,Ubuntu,9,High,Database
443,tcp,https,Apache SSL,Windows Server 2022,38,High,Web
8080,tcp,http-proxy,Tomcat 9,CentOS,1,Low,Web
3306,tcp,mysql,MySQL 5.7,Windows Server 2019,28,High,Database
3306,tcp,mysql,MySQL 8.0,Ubuntu,3,Low,Database
22,tcp,ssh,OpenSSH 9.0,Windows Server 2022,15,Low,Remote Access
6379,tcp,redis,Redis 5,Linux,47,High,Database
3389,tcp,rdp,Windows RDP,Linux,34,Medium,Remote Access
445,tcp,microsoft-ds,SMBv1,Windows Server 2022,39,Critical,File Sharing
3306,tcp,mysql,MySQL 8.0,Windows Server 2019,10,Medium,Database
80,tcp,http,Apache 2.4.49,Ubuntu,41,High,Web
22,tcp,ssh,OpenSSH 5.3,Debian,14,Medium,Remote Access
443,tcp,https,Apache SSL,CentOS,27,Low,Web
3389,tcp,rdp,Windows RDP,CentOS,37,High,Remote Access
3306,tcp,mysql,MySQL 8.0,CentOS,28,High,Database
80,tcp,http,nginx 1.24,Linux,7,Low,Web
5432,tcp,postgresql,PostgreSQL 14,Debian,42,Medium,Database
80,tcp,http,nginx 1.24,Windows Server 2019,6,Low,Web
80,tcp,http,nginx 1.24,Ubuntu,33,Medium,Web
8080,tcp,http-proxy,Tomcat 10,Linux,10,Medium,Web
80,tcp,http,Apache 2.4.49,Windows Server 2019,23,Medium,Web
3389,tcp,rdp,Windows RDP,Windows Server 2022,21,High,Remote Access
3389,tcp,rdp,Windows RDP,Debian,41,High,Remote Access
6379,tcp,redis,Redis 7,Ubuntu,15,Medium,Database
3389,tcp,rdp,Windows RDP,Linux,19,Medium,Remote Access
80,tcp,http,nginx 1.24,Linux,50,Medium,Web
5432,tcp,postgresql,PostgreSQL 16,Linux,36,Medium,Database
6379,tcp,redis,Redis 5,Windows Server 2022,12,Medium,Database
445,tcp,microsoft-ds,SMBv1,Debian,43,Critical,File Sharing
23,tcp,telnet,Telnet,Linux,30,High,Remote Access
443,tcp,https,nginx 1.24,Debian,28,Medium,Web
22,tcp,ssh,OpenSSH 5.3,Linux,9,Medium,Remote Access
5432,tcp,postgresql,PostgreSQL 14,CentOS,6,Low,Database
23,tcp,telnet,Telnet,Ubuntu,9,High,Remote Access
23,tcp,telnet,Telnet,Linux,9,Medium,Remote Access
3306,tcp,mysql,MySQL 8.0,Linux,32,High,Database
6379,tcp,redis,Redis 7,Ubuntu,50,High,Database
3306,tcp,mysql,MySQL 8.0,Windows Server 2022,3,Low,Database
80,tcp,http,Apache 2.4.49,CentOS,27,High,Web
3306,tcp,mysql,MySQL 8.0,Linux,7,Low,Database
445,tcp,microsoft-ds,SMBv1,Linux,24,Critical,File Sharing
443,tcp,https,Apache SSL,CentOS,10,Low,Web
443,tcp,https,Apache SSL,Windows Server 2019,27,Low,Web
3389,tcp,rdp,Windows RDP,Windows Server 2019,11,Medium,Remote Access
445,tcp,microsoft-ds,SMBv1,Windows Server 2022,44,Critical,File Sharing
3389,tcp,rdp,Windows RDP,CentOS,29,Medium,Remote Access
5432,tcp,postgresql,PostgreSQL 16,CentOS,46,High,Database
445,tcp,microsoft-ds,SMBv3,Ubuntu,9,High,File Sharing
23,tcp,telnet,Telnet,CentOS,35,Critical,Remote Access
5432,tcp,postgresql,PostgreSQL 16,Windows Server 2019,19,Medium,Database
3389,tcp,rdp,Windows RDP,Windows Server 2022,11,Medium,Remote Access
443,tcp,https,Apache SSL,Linux,3,Low,Web
23,tcp,telnet,Telnet,Windows Server 2019,37,Critical,Remote Access
3306,tcp,mysql,MySQL 5.7,Ubuntu,16,Medium,Database
3306,tcp,mysql,MySQL 5.7,Debian,4,Medium,Database
6379,tcp,redis,Redis 7,Windows Server 2019,10,Medium,Database
80,tcp,http,Apache 2.4.49,Debian,41,Critical,Web
3306,tcp,mysql,MySQL 8.0,Ubuntu,23,Medium,Database
8080,tcp,http-proxy,Tomcat 9,Linux,26,Medium,Web
3306,tcp,mysql,MySQL 5.7,Linux,7,High,Database
443,tcp,https,nginx 1.24,Windows Server 2019,10,Low,Web
443,tcp,https,nginx 1.24,Windows Server 2022,28,Low,Web
3306,tcp,mysql,MySQL 5.7,Debian,44,High,Database
5432,tcp,postgresql,PostgreSQL 14,Windows Server 2022,5,Low,Database
8080,tcp,http-proxy,Tomcat 10,Windows Server 2019,2,Low,Web
6379,tcp,redis,Redis 7,Linux,23,Medium,Database
23,tcp,telnet,Telnet,Ubuntu,6,High,Remote Access
445,tcp,microsoft-ds,SMBv3,Ubuntu,43,Critical,File Sharing
23,tcp,telnet,Telnet,Ubuntu,2,Medium,Remote Access
6379,tcp,redis,Redis 5,Debian,40,Critical,Database
22,tcp,ssh,OpenSSH 5.3,CentOS,10,Medium,Remote Access
5432,tcp,postgresql,PostgreSQL 16,Linux,4,Low,Database
80,tcp,http,Apache 2.4.49,Windows Server 2022,13,Medium,Web
8080,tcp,http-proxy,Tomcat 10,Windows Server 2019,38,Medium,Web
23,tcp,telnet,Telnet,Debian,3,Medium,Remote Access
443,tcp,https,Apache SSL,CentOS,8,Low,Web
23,tcp,telnet,Telnet,Windows Server 2022,7,High,Remote Access
5432,tcp,postgresql,PostgreSQL 16,Linux,50,Medium,Database
6379,tcp,redis,Redis 5,Debian,44,High,Database
5432,tcp,postgresql,PostgreSQL 16,Linux,38,Medium,Database
3389,tcp,rdp,Windows RDP,Debian,1,Low,Remote Access
23,tcp,telnet,Telnet,CentOS,22,High,Remote Access
445,tcp,microsoft-ds,SMBv1,Windows Server 2022,8,High,File Sharing
3389,tcp,rdp,Windows RDP,Windows Server 2019,34,High,Remote Access
5432,tcp,postgresql,PostgreSQL 14,CentOS,9,Medium,Database
8080,tcp,http-proxy,Tomcat 9,Windows Server 2022,15,Medium,Web
23,tcp,telnet,Telnet,Linux,28,High,Remote Access
5432,tcp,postgresql,PostgreSQL 14,Windows Server 2019,31,Medium,Database
80,tcp,http,Apache 2.4.49,Windows Server 2022,39,Critical,Web
3306,tcp,mysql,MySQL 8.0,CentOS,50,Medium,Database
5432,tcp,postgresql,PostgreSQL 14,CentOS,22,Medium,Database
22,tcp,ssh,OpenSSH 9.0,CentOS,36,Low,Remote Access
22,tcp,ssh,OpenSSH 5.3,Debian,36,High,Remote Access
5432,tcp,postgresql,PostgreSQL 16,Debian,30,Low,Database
22,tcp,ssh,OpenSSH 5.3,Windows Server 2022,17,Medium,Remote Access
443,tcp,https,nginx 1.24,Ubuntu,26,Low,Web
80,tcp,http,Apache 2.4.49,CentOS,38,High,Web
6379,tcp,redis,Redis 7,Windows Server 2019,23,High,Database
3306,tcp,mysql,MySQL 8.0,Windows Server 2022,31,Medium,Database
6379,tcp,redis,Redis 7,Windows Server 2022,44,High,Database
23,tcp,telnet,Telnet,Windows Server 2019,45,High,Remote Access
443,tcp,https,Apache SSL,Windows Server 2022,48,Medium,Web
23,tcp,telnet,Telnet,Linux,48,High,Remote Access
6379,tcp,redis,Redis 7,Ubuntu,25,Medium,Database
22,tcp,ssh,OpenSSH 9.0,Linux,14,Low,Remote Access
445,tcp,microsoft-ds,SMBv1,Windows Server 2022,34,Critical,File Sharing
80,tcp,http,Apache 2.4.54,Ubuntu,45,Low,Web
8080,tcp,http-proxy,Tomcat 9,Windows Server 2019,9,Low,Web
5432,tcp,postgresql,PostgreSQL 16,Windows Server 2019,5,Low,Database
22,tcp,ssh,OpenSSH 5.3,Debian,7,High,Remote Access
8080,tcp,http-proxy,Tomcat 9,Linux,21,Medium,Web
22,tcp,ssh,OpenSSH 5.3,Linux,24,Medium,Remote Access
6379,tcp,redis,Redis 7,Windows Server 2022,24,High,Database
3306,tcp,mysql,MySQL 8.0,Windows Server 2022,16,Medium,Database
8080,tcp,http-proxy,Tomcat 10,Ubuntu,20,Low,Web
23,tcp,telnet,Telnet,Debian,2,Medium,Remote Access
3306,tcp,mysql,MySQL 8.0,CentOS,17,Medium,Database
3389,tcp,rdp,Windows RDP,Linux,21,High,Remote Access
443,tcp,https,Apache SSL,Debian,48,Medium,Web
80,tcp,http,nginx 1.24,Linux,29,Medium,Web
445,tcp,microsoft-ds,SMBv1,Ubuntu,15,Critical,File Sharing
8080,tcp,http-proxy,Tomcat 10,Windows Server 2019,7,Low,Web
445,tcp,microsoft-ds,SMBv3,Ubuntu,25,High,File Sharing
8080,tcp,http-proxy,Tomcat 10,Ubuntu,15,Medium,Web
22,tcp,ssh,OpenSSH 5.3,Debian,19,High,Remote Access
445,tcp,microsoft-ds,SMBv3,CentOS,50,Critical,File Sharing
3389,tcp,rdp,Windows RDP,Linux,23,Medium,Remote Access
3389,tcp,rdp,Windows RDP,Linux,30,High,Remote Access
22,tcp,ssh,OpenSSH 9.0,Linux,24,Medium,Remote Access
3306,tcp,mysql,MySQL 8.0,Windows Server 2019,42,High,Database
3389,tcp,rdp,Windows RDP,Ubuntu,7,High,Remote Access
445,tcp,microsoft-ds,SMBv3,Ubuntu,34,High,File Sharing
80,tcp,http,Apache 2.4.54,Debian,5,Low,Web
5432,tcp,postgresql,PostgreSQL 16,Windows Server 2022,30,Medium,Database
6379,tcp,redis,Redis 5,Ubuntu,37,High,Database
445,tcp,microsoft-ds,SMBv3,CentOS,44,Critical,File Sharing
80,tcp,http,Apache 2.4.54,Ubuntu,36,Medium,Web
22,tcp,ssh,OpenSSH 9.0,CentOS,28,Low,Remote Access
80,tcp,http,Apache 2.4.49,CentOS,42,Critical,Web
443,tcp,https,nginx 1.24,CentOS,5,Low,Web
445,tcp,microsoft-ds,SMBv1,Windows Server 2022,36,Critical,File Sharing
3389,tcp,rdp,Windows RDP,Windows Server 2022,9,Medium,Remote Access
8080,tcp,http-proxy,Tomcat 9,Ubuntu,34,Medium,Web
5432,tcp,postgresql,PostgreSQL 16,Windows Server 2019,4,Low,Database
22,tcp,ssh,OpenSSH 9.0,Windows Server 2019,34,Medium,Remote Access
8080,tcp,http-proxy,Tomcat 9,Ubuntu,4,Low,Web
445,tcp,microsoft-ds,SMBv1,Debian,1,High,File Sharing
22,tcp,ssh,OpenSSH 5.3,CentOS,13,High,Remote Access
23,tcp,telnet,Telnet,Windows Server 2019,29,Critical,Remote Access
3306,tcp,mysql,MySQL 5.7,Debian,13,Medium,Database
6379,tcp,redis,Redis 7,Linux,48,Critical,Database
5432,tcp,postgresql,PostgreSQL 16,CentOS,46,Medium,Database
445,tcp,microsoft-ds,SMBv3,Ubuntu,28,High,File Sharing
8080,tcp,http-proxy,Tomcat 9,Ubuntu,34,Medium,Web
80,tcp,http,Apache 2.4.49,CentOS,14,High,Web
80,tcp,http,Apache 2.4.54,Windows Server 2022,14,Low,Web
22,tcp,ssh,OpenSSH 5.3,Ubuntu,42,High,Remote Access
3389,tcp,rdp,Windows RDP,Linux,49,High,Remote Access
3389,tcp,rdp,Windows RDP,Windows Server 2022,32,High,Remote Access
8080,tcp,http-proxy,Tomcat 9,CentOS,7,Medium,Web
80,tcp,http,Apache 2.4.49,Debian,11,Medium,Web
23,tcp,telnet,Telnet,Debian,36,Critical,Remote Access
8080,tcp,http-proxy,Tomcat 9,Linux,24,Medium,Web
23,tcp,telnet,Telnet,Windows Server 2019,1,Medium,Remote Access
8080,tcp,http-proxy,Tomcat 9,Ubuntu,2,Low,Web
6379,tcp,redis,Redis 5,Linux,18,Medium,Database
6379,tcp,redis,Redis 7,CentOS,5,Medium,Database
6379,tcp,redis,Redis 5,Linux,29,High,Database
22,tcp,ssh,OpenSSH 5.3,Linux,26,High,Remote Access
3389,tcp,rdp,Windows RDP,Debian,44,High,Remote Access
22,tcp,ssh,OpenSSH 9.0,Windows Server 2019,13,Low,Remote Access
80,tcp,http,Apache 2.4.54,CentOS,12,Low,Web
3306,tcp,mysql,MySQL 8.0,Windows Server 2019,15,Low,Database
3389,tcp,rdp,Windows RDP,Windows Server 2019,18,High,Remote Access
6379,tcp,redis,Redis 5,Windows Server 2019,1,Medium,Database
8080,tcp,http-proxy,Tomcat 9,Windows Server 2022,26,Medium,Web
3306,tcp,mysql,MySQL 5.7,Ubuntu,23,High,Database
23,tcp,telnet,Telnet,Windows Server 2022,39,Critical,Remote Access
80,tcp,http,Apache 2.4.54,Windows Server 2022,11,Low,Web
80,tcp,http,nginx 1.24,Linux,11,Low,Web
6379,tcp,redis,Redis 5,Debian,42,High,Database
3306,tcp,mysql,MySQL 8.0,Linux,9,Medium,Database
6379,tcp,redis,Redis 7,CentOS,42,High,Database
80,tcp,http,Apache 2.4.54,Ubuntu,36,Medium,Web
445,tcp,microsoft-ds,SMBv1,Windows Server 2019,32,Critical,File Sharing
8080,tcp,http-proxy,Tomcat 10,Linux,29,Low,Web
5432,tcp,postgresql,PostgreSQL 16,Debian,1,Low,Database
3389,tcp,rdp,Windows RDP,CentOS,2,Medium,Remote Access
22,tcp,ssh,OpenSSH 5.3,Windows Server 2022,46,High,Remote Access
8080,tcp,http-proxy,Tomcat 9,Windows Server 2019,3,Low,Web
80,tcp,http,Apache 2.4.49,Debian,50,High,Web
443,tcp,https,nginx 1.24,Debian,17,Low,Web
8080,tcp,http-proxy,Tomcat 9,Ubuntu,11,Low,Web
443,tcp,https,nginx 1.24,Ubuntu,12,Low,Web
80,tcp,http,Apache 2.4.49,Debian,5,Medium,Web
80,tcp,http,Apache 2.4.54,Windows Server 2022,22,Low,Web
22,tcp,ssh,OpenSSH 5.3,Windows Server 2019,47,High,Remote Access
445,tcp,microsoft-ds,SMBv3,Debian,46,High,File Sharing
443,tcp,https,Apache SSL,Windows Server 2019,33,Medium,Web
443,tcp,https,nginx 1.24,Ubuntu,13,Low,Web
3306,tcp,mysql,MySQL 5.7,CentOS,11,High,Database
80,tcp,http,Apache 2.4.49,Windows Server 2019,2,Medium,Web
8080,tcp,http-proxy,Tomcat 9,Linux,9,Low,Web
3306,tcp,mysql,MySQL 5.7,Ubuntu,38,High,Database
3389,tcp,rdp,Windows RDP,Windows Server 2019,26,High,Remote Access
8080,tcp,http-proxy,Tomcat 9,Linux,8,Low,Web
443,tcp,https,Apache SSL,CentOS,13,Low,Web
3389,tcp,rdp,Windows RDP,Debian,38,High,Remote Access
3306,tcp,mysql,MySQL 5.7,Linux,1,Medium,Database
80,tcp,http,nginx 1.24,Debian,42,Low,Web
8080,tcp,http-proxy,Tomcat 9,CentOS,22,Low,Web
8080,tcp,http-proxy,Tomcat 9,Ubuntu,26,Medium,Web
23,tcp,telnet,Telnet,Linux,31,High,Remote Access
443,tcp,https,Apache SSL,Ubuntu,28,Medium,Web
3389,tcp,rdp,Windows RDP,Ubuntu,43,Critical,Remote Access
3306,tcp,mysql,MySQL 8.0,Linux,10,Low,Database
8080,tcp,http-proxy,Tomcat 10,Linux,29,Medium,Web
22,tcp,ssh,OpenSSH 5.3,Windows Server 2019,38,High,Remote Access
5432,tcp,postgresql,PostgreSQL 16,Debian,9,Low,Database
22,tcp,ssh,OpenSSH 5.3,Ubuntu,46,High,Remote Access
23,tcp,telnet,Telnet,Windows Server 2022,15,High,Remote Access
445,tcp,microsoft-ds,SMBv1,Debian,7,Critical,File Sharing
443,tcp,https,nginx 1.24,Linux,38,Low,Web
3306,tcp,mysql,MySQL 5.7,Windows Server 2022,4,Medium,Database
3389,tcp,rdp,Windows RDP,Windows Server 2022,9,Medium,Remote Access
3389,tcp,rdp,Windows RDP,Debian,45,High,Remote Access
80,tcp,http,Apache 2.4.49,Linux,33,High,Web
3306,tcp,mysql,MySQL 8.0,Windows Server 2022,35,Medium,Database
8080,tcp,http-proxy,Tomcat 9,Windows Server 2022,1,Low,Web
5432,tcp,postgresql,PostgreSQL 16,CentOS,3,Low,Database
3389,tcp,rdp,Windows RDP,Windows Server 2019,13,Medium,Remote Access
443,tcp,https,nginx 1.24,Windows Server 2019,38,Medium,Web
445,tcp,microsoft-ds,SMBv1,Debian,40,Critical,File Sharing
80,tcp,http,Apache 2.4.54,CentOS,46,Medium,Web
6379,tcp,redis,Redis 7,Linux,34,High,Database
5432,tcp,postgresql,PostgreSQL 16,Windows Server 2022,34,Medium,Database
5432,tcp,postgresql,PostgreSQL 14,Debian,45,High,Database
3389,tcp,rdp,Windows RDP,CentOS,12,Medium,Remote Access
5432,tcp,postgresql,PostgreSQL 16,CentOS,31,Medium,Database
8080,tcp,http-proxy,Tomcat 9,Debian,20,Low,Web
445,tcp,microsoft-ds,SMBv3,Linux,38,Critical,File Sharing
80,tcp,http,nginx 1.24,Ubuntu,12,Low,Web
445,tcp,microsoft-ds,SMBv1,Linux,35,Critical,File Sharing
445,tcp,microsoft-ds,SMBv3,Ubuntu,49,Critical,File Sharing
3389,tcp,rdp,Windows RDP,Windows Server 2019,27,High,Remote Access
8080,tcp,http-proxy,Tomcat 10,Ubuntu,42,Medium,Web
23,tcp,telnet,Telnet,Ubuntu,16,High,Remote Access
